👋,waving hand hello slap,👋🏻,👋🏻,👋🏼,👋🏻,👋🏼,👋🏽,👋🏻,👋🏼,👋🏽,👋🏾,👋🏻,👋🏼,👋🏽,👋🏾,👋🏿
🤚,raised back of hand,🤚🏻,🤚🏻,🤚🏼,🤚🏻,🤚🏼,🤚🏽,🤚🏻,🤚🏼,🤚🏽,🤚🏾,🤚🏻,🤚🏼,🤚🏽,🤚🏾,🤚🏿
🖐️,hand with fingers splayed,🖐🏻,🖐🏻,🖐🏼,🖐🏻,🖐🏼,🖐🏽,🖐🏻,🖐🏼,🖐🏽,🖐🏾,🖐🏻,🖐🏼,🖐🏽,🖐🏾,🖐🏿
✋,raised hand,✋🏻,✋🏻,✋🏼,✋🏻,✋🏼,✋🏽,✋🏻,✋🏼,✋🏽,✋🏾,✋🏻,✋🏼,✋🏽,✋🏾,✋🏿
🖖,vulcan salute,🖖🏻,🖖🏻,🖖🏼,🖖🏻,🖖🏼,🖖🏽,🖖🏻,🖖🏼,🖖🏽,🖖🏾,🖖🏻,🖖🏼,🖖🏽,🖖🏾,🖖🏿
🫱,rightwards hand,🫱🏻,🫱🏻,🫱🏼,🫱🏻,🫱🏼,🫱🏽,🫱🏻,🫱🏼,🫱🏽,🫱🏾,🫱🏻,🫱🏼,🫱🏽,🫱🏾,🫱🏿
🫲,leftwards hand,🫲🏻,🫲🏻,🫲🏼,🫲🏻,🫲🏼,🫲🏽,🫲🏻,🫲🏼,🫲🏽,🫲🏾,🫲🏻,🫲🏼,🫲🏽,🫲🏾,🫲🏿
🫳,palm down hand,🫳🏻,🫳🏻,🫳🏼,🫳🏻,🫳🏼,🫳🏽,🫳🏻,🫳🏼,🫳🏽,🫳🏾,🫳🏻,🫳🏼,🫳🏽,🫳🏾,🫳🏿
🫴,palm up hand,🫴🏻,🫴🏻,🫴🏼,🫴🏻,🫴🏼,🫴🏽,🫴🏻,🫴🏼,🫴🏽,🫴🏾,🫴🏻,🫴🏼,🫴🏽,🫴🏾,🫴🏿
🫷,leftwards pushing hand,🫷🏻,🫷🏻,🫷🏼,🫷🏻,🫷🏼,🫷🏽,🫷🏻,🫷🏼,🫷🏽,🫷🏾,🫷🏻,🫷🏼,🫷🏽,🫷🏾,🫷🏿
🫸,rightwards pushing hand,🫸🏻,🫸🏻,🫸🏼,🫸🏻,🫸🏼,🫸🏽,🫸🏻,🫸🏼,🫸🏽,🫸🏾,🫸🏻,🫸🏼,🫸🏽,🫸🏾,🫸🏿
👌,OK hand best,👌🏻,👌🏻,👌🏼,👌🏻,👌🏼,👌🏽,👌🏻,👌🏼,👌🏽,👌🏾,👌🏻,👌🏼,👌🏽,👌🏾,👌🏿
🤌,pinched fingers quality,🤌🏻,🤌🏻,🤌🏼,🤌🏻,🤌🏼,🤌🏽,🤌🏻,🤌🏼,🤌🏽,🤌🏾,🤌🏻,🤌🏼,🤌🏽,🤌🏾,🤌🏿
🤏,pinching hand,🤏🏻,🤏🏻,🤏🏼,🤏🏻,🤏🏼,🤏🏽,🤏🏻,🤏🏼,🤏🏽,🤏🏾,🤏🏻,🤏🏼,🤏🏽,🤏🏾,🤏🏿
✌️,victory hand,✌🏻,✌🏻,✌🏼,✌🏻,✌🏼,✌🏽,✌🏻,✌🏼,✌🏽,✌🏾,✌🏻,✌🏼,✌🏽,✌🏾,✌🏿
🤞,crossed fingers,🤞🏻,🤞🏻,🤞🏼,🤞🏻,🤞🏼,🤞🏽,🤞🏻,🤞🏼,🤞🏽,🤞🏾,🤞🏻,🤞🏼,🤞🏽,🤞🏾,🤞🏿
🫰,hand with index finger and thumb crossed,🫰🏻,🫰🏻,🫰🏼,🫰🏻,🫰🏼,🫰🏽,🫰🏻,🫰🏼,🫰🏽,🫰🏾,🫰🏻,🫰🏼,🫰🏽,🫰🏾,🫰🏿
🤟,love-you gesture,🤟🏻,🤟🏻,🤟🏼,🤟🏻,🤟🏼,🤟🏽,🤟🏻,🤟🏼,🤟🏽,🤟🏾,🤟🏻,🤟🏼,🤟🏽,🤟🏾,🤟🏿
🤘,sign of the horns,🤘🏻,🤘🏻,🤘🏼,🤘🏻,🤘🏼,🤘🏽,🤘🏻,🤘🏼,🤘🏽,🤘🏾,🤘🏻,🤘🏼,🤘🏽,🤘🏾,🤘🏿
🤙,call me hand,🤙🏻,🤙🏻,🤙🏼,🤙🏻,🤙🏼,🤙🏽,🤙🏻,🤙🏼,🤙🏽,🤙🏾,🤙🏻,🤙🏼,🤙🏽,🤙🏾,🤙🏿
👈,backhand index pointing left,👈🏻,👈🏻,👈🏼,👈🏻,👈🏼,👈🏽,👈🏻,👈🏼,👈🏽,👈🏾,👈🏻,👈🏼,👈🏽,👈🏾,👈🏿
👉,backhand index pointing right,👉🏻,👉🏻,👉🏼,👉🏻,👉🏼,👉🏽,👉🏻,👉🏼,👉🏽,👉🏾,👉🏻,👉🏼,👉🏽,👉🏾,👉🏿
👆,backhand index pointing up,👆🏻,👆🏻,👆🏼,👆🏻,👆🏼,👆🏽,👆🏻,👆🏼,👆🏽,👆🏾,👆🏻,👆🏼,👆🏽,👆🏾,👆🏿
🖕,middle finger fuck off,🖕🏻,🖕🏻,🖕🏼,🖕🏻,🖕🏼,🖕🏽,🖕🏻,🖕🏼,🖕🏽,🖕🏾,🖕🏻,🖕🏼,🖕🏽,🖕🏾,🖕🏿
👇,backhand index pointing down,👇🏻,👇🏻,👇🏼,👇🏻,👇🏼,👇🏽,👇🏻,👇🏼,👇🏽,👇🏾,👇🏻,👇🏼,👇🏽,👇🏾,👇🏿
☝️,index pointing up,☝🏻,☝🏻,☝🏼,☝🏻,☝🏼,☝🏽,☝🏻,☝🏼,☝🏽,☝🏾,☝🏻,☝🏼,☝🏽,☝🏾,☝🏿
🫵,index pointing at the viewer you,🫵🏻,🫵🏻,🫵🏼,🫵🏻,🫵🏼,🫵🏽,🫵🏻,🫵🏼,🫵🏽,🫵🏾,🫵🏻,🫵🏼,🫵🏽,🫵🏾,🫵🏿
👍,thumbs up all the best,👍🏻,👍🏻,👍🏼,👍🏻,👍🏼,👍🏽,👍🏻,👍🏼,👍🏽,👍🏾,👍🏻,👍🏼,👍🏽,👍🏾,👍🏿
👎,thumbs down,👎🏻,👎🏻,👎🏼,👎🏻,👎🏼,👎🏽,👎🏻,👎🏼,👎🏽,👎🏾,👎🏻,👎🏼,👎🏽,👎🏾,👎🏿
✊,raised fist ,✊🏻,✊🏻,✊🏼,✊🏻,✊🏼,✊🏽,✊🏻,✊🏼,✊🏽,✊🏾,✊🏻,✊🏼,✊🏽,✊🏾,✊🏿
👊,oncoming fist,👊🏻,👊🏻,👊🏼,👊🏻,👊🏼,👊🏽,👊🏻,👊🏼,👊🏽,👊🏾,👊🏻,👊🏼,👊🏽,👊🏾,👊🏿
🤛,left-facing fist,🤛🏻,🤛🏻,🤛🏼,🤛🏻,🤛🏼,🤛🏽,🤛🏻,🤛🏼,🤛🏽,🤛🏾,🤛🏻,🤛🏼,🤛🏽,🤛🏾,🤛🏿
🤜,right-facing fist,🤜🏻,🤜🏻,🤜🏼,🤜🏻,🤜🏼,🤜🏽,🤜🏻,🤜🏼,🤜🏽,🤜🏾,🤜🏻,🤜🏼,🤜🏽,🤜🏾,🤜🏿
👏,clapping hands,👏🏻,👏🏻,👏🏼,👏🏻,👏🏼,👏🏽,👏🏻,👏🏼,👏🏽,👏🏾,👏🏻,👏🏼,👏🏽,👏🏾,👏🏿
🙌,raising hands,🙌🏻,🙌🏻,🙌🏼,🙌🏻,🙌🏼,🙌🏽,🙌🏻,🙌🏼,🙌🏽,🙌🏾,🙌🏻,🙌🏼,🙌🏽,🙌🏾,🙌🏿
🫶,heart hands,🫶🏻,🫶🏻,🫶🏼,🫶🏻,🫶🏼,🫶🏽,🫶🏻,🫶🏼,🫶🏽,🫶🏾,🫶🏻,🫶🏼,🫶🏽,🫶🏾,🫶🏿
👐,open hands,👐🏻,👐🏻,👐🏼,👐🏻,👐🏼,👐🏽,👐🏻,👐🏼,👐🏽,👐🏾,👐🏻,👐🏼,👐🏽,👐🏾,👐🏿
🤲,palms up together,🤲🏻,🤲🏻,🤲🏼,🤲🏻,🤲🏼,🤲🏽,🤲🏻,🤲🏼,🤲🏽,🤲🏾,🤲🏻,🤲🏼,🤲🏽,🤲🏾,🤲🏿
🤝,handshake,🤝🏻,🤝🏻,🤝🏼,🤝🏻,🤝🏼,🤝🏽,🤝🏻,🤝🏼,🤝🏽,🤝🏾
🙏,folded hands,🙏🏻,🙏🏻,🙏🏼,🙏🏻,🙏🏼,🙏🏽,🙏🏻,🙏🏼,🙏🏽,🙏🏾,🙏🏻,🙏🏼,🙏🏽,🙏🏾,🙏🏿
✍️,writing hand,✍🏻,✍🏻,✍🏼,✍🏻,✍🏼,✍🏽,✍🏻,✍🏼,✍🏽,✍🏾,✍🏻,✍🏼,✍🏽,✍🏾,✍🏿
💅,nail polish,💅🏻,💅🏻,💅🏼,💅🏻,💅🏼,💅🏽,💅🏻,💅🏼,💅🏽,💅🏾,💅🏻,💅🏼,💅🏽,💅🏾,💅🏿
🤳,selfie,🤳🏻,🤳🏻,🤳🏼,🤳🏻,🤳🏼,🤳🏽,🤳🏻,🤳🏼,🤳🏽,🤳🏾,🤳🏻,🤳🏼,🤳🏽,🤳🏾,🤳🏿
💪,flexed biceps,💪🏻,💪🏻,💪🏼,💪🏻,💪🏼,💪🏽,💪🏻,💪🏼,💪🏽,💪🏾,💪🏻,💪🏼,💪🏽,💪🏾,💪🏿
🦾,mechanical arm
🦿,mechanical leg
🦵,leg,🦵🏻,🦵🏻,🦵🏼,🦵🏻,🦵🏼,🦵🏽,🦵🏻,🦵🏼,🦵🏽,🦵🏾,🦵🏻,🦵🏼,🦵🏽,🦵🏾,🦵🏿
🦶,foot,🦶🏻,🦶🏻,🦶🏼,🦶🏻,🦶🏼,🦶🏽,🦶🏻,🦶🏼,🦶🏽,🦶🏾,🦶🏻,🦶🏼,🦶🏽,🦶🏾,🦶🏿
👂,ear,👂🏻,👂🏻,👂🏼,👂🏻,👂🏼,👂🏽,👂🏻,👂🏼,👂🏽,👂🏾,👂🏻,👂🏼,👂🏽,👂🏾,👂🏿
🦻,ear with hearing aid,🦻🏻,🦻🏻,🦻🏼,🦻🏻,🦻🏼,🦻🏽,🦻🏻,🦻🏼,🦻🏽,🦻🏾,🦻🏻,🦻🏼,🦻🏽,🦻🏾,🦻🏿
👃,nose,👃🏻,👃🏻,👃🏼,👃🏻,👃🏼,👃🏽,👃🏻,👃🏼,👃🏽,👃🏾,👃🏻,👃🏼,👃🏽,👃🏾,👃🏿
🧠,brain
🫀,anatomical heart
🫁,lungs
🦷,tooth
🦴,bone
👀,eyes look
👁️,eye
👅,tongue taste
👄,mouth speak
🫦,biting lip horny
👶,baby,👶🏻,👶🏻,👶🏼,👶🏻,👶🏼,👶🏽,👶🏻,👶🏼,👶🏽,👶🏾,👶🏻,👶🏼,👶🏽,👶🏾,👶🏿
🧒,child,🧒🏻,🧒🏻,🧒🏼,🧒🏻,🧒🏼,🧒🏽,🧒🏻,🧒🏼,🧒🏽,🧒🏾,🧒🏻,🧒🏼,🧒🏽,🧒🏾,🧒🏿
👦,boy,👦🏻,👦🏻,👦🏼,👦🏻,👦🏼,👦🏽,👦🏻,👦🏼,👦🏽,👦🏾,👦🏻,👦🏼,👦🏽,👦🏾,👦🏿
👧,girl,👧🏻,👧🏻,👧🏼,👧🏻,👧🏼,👧🏽,👧🏻,👧🏼,👧🏽,👧🏾,👧🏻,👧🏼,👧🏽,👧🏾,👧🏿
🧑,person,🧑🏻,🧑🏻,🧑🏼,🧑🏻,🧑🏼,🧑🏽,🧑🏻,🧑🏼,🧑🏽,🧑🏾,🧑🏻,🧑🏼,🧑🏽,🧑🏾,🧑🏿
👨,man,👨🏻,👨🏻,👨🏼,👨🏻,👨🏼,👨🏽,👨🏻,👨🏼,👨🏽,👨🏾,👨🏻,👨🏼,👨🏽,👨🏾,👨🏿,👨🏻
👩,woman,🧔‍♀️,🧔🏻‍♀️,🧔🏼‍♀️,🧔🏽‍♀️,🧔🏾‍♀️,🧔🏿‍♀️,🧔‍♀️,🧔🏻‍♀️,🧔🏼‍♀️,🧔🏽‍♀️,🧔🏾‍♀️,🧔🏿‍♀️,👩🏻,🧔‍♀️,🧔🏻‍♀️
🧓,older person,🧓🏻,🧓🏻,🧓🏼,🧓🏻,🧓🏼,🧓🏽,🧓🏻,🧓🏼,🧓🏽,🧓🏾,🧓🏻,🧓🏼,🧓🏽,🧓🏾,🧓🏿
👴,old man,👴🏻,👴🏻,👴🏼,👴🏻,👴🏼,👴🏽,👴🏻,👴🏼,👴🏽,👴🏾,👴🏻,👴🏼,👴🏽,👴🏾,👴🏿
👵,old woman,👵🏻,👵🏻,👵🏼,👵🏻,👵🏼,👵🏽,👵🏻,👵🏼,👵🏽,👵🏾,👵🏻,👵🏼,👵🏽,👵🏾,👵🏿
🙍,person frowning,🙍🏻,🙍🏻,🙍🏼,🙍🏻,🙍🏼,🙍🏽,🙍🏻,🙍🏼,🙍🏽,🙍🏾,🙍🏻,🙍🏼,🙍🏽,🙍🏾,🙍🏿
🙍‍♂️,man frowning,🙍🏻‍♂️,🙍🏻‍♂️,🙍🏼‍♂️,🙍🏻‍♂️,🙍🏼‍♂️,🙍🏽‍♂️,🙍🏻‍♂️,🙍🏼‍♂️,🙍🏽‍♂️,🙍🏾‍♂️,🙍🏻‍♂️,🙍🏼‍♂️,🙍🏽‍♂️,🙍🏾‍♂️,🙍🏿‍♂️
🙍‍♀️,woman frowning,🙍🏻‍♀️,🙍🏻‍♀️,🙍🏼‍♀️,🙍🏻‍♀️,🙍🏼‍♀️,🙍🏽‍♀️,🙍🏻‍♀️,🙍🏼‍♀️,🙍🏽‍♀️,🙍🏾‍♀️,🙍🏻‍♀️,🙍🏼‍♀️,🙍🏽‍♀️,🙍🏾‍♀️,🙍🏿‍♀️
🙎,person pouting,🙎🏻,🙎🏻,🙎🏼,🙎🏻,🙎🏼,🙎🏽,🙎🏻,🙎🏼,🙎🏽,🙎🏾,🙎🏻,🙎🏼,🙎🏽,🙎🏾,🙎🏿
🙎‍♂️,man pouting,🙎🏻‍♂️,🙎🏻‍♂️,🙎🏼‍♂️,🙎🏻‍♂️,🙎🏼‍♂️,🙎🏽‍♂️,🙎🏻‍♂️,🙎🏼‍♂️,🙎🏽‍♂️,🙎🏾‍♂️,🙎🏻‍♂️,🙎🏼‍♂️,🙎🏽‍♂️,🙎🏾‍♂️,🙎🏿‍♂️
🙎‍♀️,woman pouting,🙎🏻‍♀️,🙎🏻‍♀️,🙎🏼‍♀️,🙎🏻‍♀️,🙎🏼‍♀️,🙎🏽‍♀️,🙎🏻‍♀️,🙎🏼‍♀️,🙎🏽‍♀️,🙎🏾‍♀️,🙎🏻‍♀️,🙎🏼‍♀️,🙎🏽‍♀️,🙎🏾‍♀️,🙎🏿‍♀️
🙅,person gesturing NO,🙅🏻,🙅🏻,🙅🏼,🙅🏻,🙅🏼,🙅🏽,🙅🏻,🙅🏼,🙅🏽,🙅🏾,🙅🏻,🙅🏼,🙅🏽,🙅🏾,🙅🏿
🙅‍♂️,man gesturing NO,🙅🏻‍♂️,🙅🏻‍♂️,🙅🏼‍♂️,🙅🏻‍♂️,🙅🏼‍♂️,🙅🏽‍♂️,🙅🏻‍♂️,🙅🏼‍♂️,🙅🏽‍♂️,🙅🏾‍♂️,🙅🏻‍♂️,🙅🏼‍♂️,🙅🏽‍♂️,🙅🏾‍♂️,🙅🏿‍♂️
🙅‍♀️,woman gesturing NO,🙅🏻‍♀️,🙅🏻‍♀️,🙅🏼‍♀️,🙅🏻‍♀️,🙅🏼‍♀️,🙅🏽‍♀️,🙅🏻‍♀️,🙅🏼‍♀️,🙅🏽‍♀️,🙅🏾‍♀️,🙅🏻‍♀️,🙅🏼‍♀️,🙅🏽‍♀️,🙅🏾‍♀️,🙅🏿‍♀️
🙆,person gesturing OK,🙆🏻,🙆🏻,🙆🏼,🙆🏻,🙆🏼,🙆🏽,🙆🏻,🙆🏼,🙆🏽,🙆🏾,🙆🏻,🙆🏼,🙆🏽,🙆🏾,🙆🏿
🙆‍♂️,man gesturing OK,🙆🏻‍♂️,🙆🏻‍♂️,🙆🏼‍♂️,🙆🏻‍♂️,🙆🏼‍♂️,🙆🏽‍♂️,🙆🏻‍♂️,🙆🏼‍♂️,🙆🏽‍♂️,🙆🏾‍♂️,🙆🏻‍♂️,🙆🏼‍♂️,🙆🏽‍♂️,🙆🏾‍♂️,🙆🏿‍♂️
🙆‍♀️,woman gesturing OK,🙆🏻‍♀️,🙆🏻‍♀️,🙆🏼‍♀️,🙆🏻‍♀️,🙆🏼‍♀️,🙆🏽‍♀️,🙆🏻‍♀️,🙆🏼‍♀️,🙆🏽‍♀️,🙆🏾‍♀️,🙆🏻‍♀️,🙆🏼‍♀️,🙆🏽‍♀️,🙆🏾‍♀️,🙆🏿‍♀️
💁,person tipping hand,💁🏻,💁🏻,💁🏼,💁🏻,💁🏼,💁🏽,💁🏻,💁🏼,💁🏽,💁🏾,💁🏻,💁🏼,💁🏽,💁🏾,💁🏿
💁‍♂️,man tipping hand,💁🏻‍♂️,💁🏻‍♂️,💁🏼‍♂️,💁🏻‍♂️,💁🏼‍♂️,💁🏽‍♂️,💁🏻‍♂️,💁🏼‍♂️,💁🏽‍♂️,💁🏾‍♂️,💁🏻‍♂️,💁🏼‍♂️,💁🏽‍♂️,💁🏾‍♂️,💁🏿‍♂️
💁‍♀️,woman tipping hand,💁🏻‍♀️,💁🏻‍♀️,💁🏼‍♀️,💁🏻‍♀️,💁🏼‍♀️,💁🏽‍♀️,💁🏻‍♀️,💁🏼‍♀️,💁🏽‍♀️,💁🏾‍♀️,💁🏻‍♀️,💁🏼‍♀️,💁🏽‍♀️,💁🏾‍♀️,💁🏿‍♀️
🙋,person raising hand,🙋🏻,🙋🏻,🙋🏼,🙋🏻,🙋🏼,🙋🏽,🙋🏻,🙋🏼,🙋🏽,🙋🏾,🙋🏻,🙋🏼,🙋🏽,🙋🏾,🙋🏿
🙋‍♂️,man raising hand,🙋🏻‍♂️,🙋🏻‍♂️,🙋🏼‍♂️,🙋🏻‍♂️,🙋🏼‍♂️,🙋🏽‍♂️,🙋🏻‍♂️,🙋🏼‍♂️,🙋🏽‍♂️,🙋🏾‍♂️,🙋🏻‍♂️,🙋🏼‍♂️,🙋🏽‍♂️,🙋🏾‍♂️,🙋🏿‍♂️
🙋‍♀️,woman raising hand,🙋🏻‍♀️,🙋🏻‍♀️,🙋🏼‍♀️,🙋🏻‍♀️,🙋🏼‍♀️,🙋🏽‍♀️,🙋🏻‍♀️,🙋🏼‍♀️,🙋🏽‍♀️,🙋🏾‍♀️,🙋🏻‍♀️,🙋🏼‍♀️,🙋🏽‍♀️,🙋🏾‍♀️,🙋🏿‍♀️
🧏,deaf person,🧏🏻,🧏🏻,🧏🏼,🧏🏻,🧏🏼,🧏🏽,🧏🏻,🧏🏼,🧏🏽,🧏🏾,🧏🏻,🧏🏼,🧏🏽,🧏🏾,🧏🏿
🧏‍♂️,deaf man,🧏🏻‍♂️,🧏🏻‍♂️,🧏🏼‍♂️,🧏🏻‍♂️,🧏🏼‍♂️,🧏🏽‍♂️,🧏🏻‍♂️,🧏🏼‍♂️,🧏🏽‍♂️,🧏🏾‍♂️,🧏🏻‍♂️,🧏🏼‍♂️,🧏🏽‍♂️,🧏🏾‍♂️,🧏🏿‍♂️
🧏‍♀️,deaf woman,🧏🏻‍♀️,🧏🏻‍♀️,🧏🏼‍♀️,🧏🏻‍♀️,🧏🏼‍♀️,🧏🏽‍♀️,🧏🏻‍♀️,🧏🏼‍♀️,🧏🏽‍♀️,🧏🏾‍♀️,🧏🏻‍♀️,🧏🏼‍♀️,🧏🏽‍♀️,🧏🏾‍♀️,🧏🏿‍♀️
🙇,person bowing,🙇🏻,🙇🏻,🙇🏼,🙇🏻,🙇🏼,🙇🏽,🙇🏻,🙇🏼,🙇🏽,🙇🏾,🙇🏻,🙇🏼,🙇🏽,🙇🏾,🙇🏿
🙇‍♂️,man bowing,🙇🏻‍♂️,🙇🏻‍♂️,🙇🏼‍♂️,🙇🏻‍♂️,🙇🏼‍♂️,🙇🏽‍♂️,🙇🏻‍♂️,🙇🏼‍♂️,🙇🏽‍♂️,🙇🏾‍♂️,🙇🏻‍♂️,🙇🏼‍♂️,🙇🏽‍♂️,🙇🏾‍♂️,🙇🏿‍♂️
🙇‍♀️,woman bowing,🙇🏻‍♀️,🙇🏻‍♀️,🙇🏼‍♀️,🙇🏻‍♀️,🙇🏼‍♀️,🙇🏽‍♀️,🙇🏻‍♀️,🙇🏼‍♀️,🙇🏽‍♀️,🙇🏾‍♀️,🙇🏻‍♀️,🙇🏼‍♀️,🙇🏽‍♀️,🙇🏾‍♀️,🙇🏿‍♀️
🤦,person facepalming,🤦🏻,🤦🏻,🤦🏼,🤦🏻,🤦🏼,🤦🏽,🤦🏻,🤦🏼,🤦🏽,🤦🏾,🤦🏻,🤦🏼,🤦🏽,🤦🏾,🤦🏿
🤦‍♂️,man facepalming,🤦🏻‍♂️,🤦🏻‍♂️,🤦🏼‍♂️,🤦🏻‍♂️,🤦🏼‍♂️,🤦🏽‍♂️,🤦🏻‍♂️,🤦🏼‍♂️,🤦🏽‍♂️,🤦🏾‍♂️,🤦🏻‍♂️,🤦🏼‍♂️,🤦🏽‍♂️,🤦🏾‍♂️,🤦🏿‍♂️
🤦‍♀️,woman facepalming,🤦🏻‍♀️,🤦🏻‍♀️,🤦🏼‍♀️,🤦🏻‍♀️,🤦🏼‍♀️,🤦🏽‍♀️,🤦🏻‍♀️,🤦🏼‍♀️,🤦🏽‍♀️,🤦🏾‍♀️,🤦🏻‍♀️,🤦🏼‍♀️,🤦🏽‍♀️,🤦🏾‍♀️,🤦🏿‍♀️
🤷,person shrugging,🤷🏻,🤷🏻,🤷🏼,🤷🏻,🤷🏼,🤷🏽,🤷🏻,🤷🏼,🤷🏽,🤷🏾,🤷🏻,🤷🏼,🤷🏽,🤷🏾,🤷🏿
🤷‍♂️,man shrugging,🤷🏻‍♂️,🤷🏻‍♂️,🤷🏼‍♂️,🤷🏻‍♂️,🤷🏼‍♂️,🤷🏽‍♂️,🤷🏻‍♂️,🤷🏼‍♂️,🤷🏽‍♂️,🤷🏾‍♂️,🤷🏻‍♂️,🤷🏼‍♂️,🤷🏽‍♂️,🤷🏾‍♂️,🤷🏿‍♂️
🤷‍♀️,woman shrugging,🤷🏻‍♀️,🤷🏻‍♀️,🤷🏼‍♀️,🤷🏻‍♀️,🤷🏼‍♀️,🤷🏽‍♀️,🤷🏻‍♀️,🤷🏼‍♀️,🤷🏽‍♀️,🤷🏾‍♀️,🤷🏻‍♀️,🤷🏼‍♀️,🤷🏽‍♀️,🤷🏾‍♀️,🤷🏿‍♀️
🧑‍⚕️,health worker,🧑🏻‍⚕️,🧑🏻‍⚕️,🧑🏼‍⚕️,🧑🏻‍⚕️,🧑🏼‍⚕️,🧑🏽‍⚕️,🧑🏻‍⚕️,🧑🏼‍⚕️,🧑🏽‍⚕️,🧑🏾‍⚕️,🧑🏻‍⚕️,🧑🏼‍⚕️,🧑🏽‍⚕️,🧑🏾‍⚕️,🧑🏿‍⚕️
👨‍⚕️,man health worker,👨🏻‍⚕️,👨🏻‍⚕️,👨🏼‍⚕️,👨🏻‍⚕️,👨🏼‍⚕️,👨🏽‍⚕️,👨🏻‍⚕️,👨🏼‍⚕️,👨🏽‍⚕️,👨🏾‍⚕️,👨🏻‍⚕️,👨🏼‍⚕️,👨🏽‍⚕️,👨🏾‍⚕️,👨🏿‍⚕️
👩‍⚕️,woman health worker,👩🏻‍⚕️,👩🏻‍⚕️,👩🏼‍⚕️,👩🏻‍⚕️,👩🏼‍⚕️,👩🏽‍⚕️,👩🏻‍⚕️,👩🏼‍⚕️,👩🏽‍⚕️,👩🏾‍⚕️,👩🏻‍⚕️,👩🏼‍⚕️,👩🏽‍⚕️,👩🏾‍⚕️,👩🏿‍⚕️
🧑‍🎓,student,🧑🏻‍🎓,🧑🏻‍🎓,🧑🏼‍🎓,🧑🏻‍🎓,🧑🏼‍🎓,🧑🏽‍🎓,🧑🏻‍🎓,🧑🏼‍🎓,🧑🏽‍🎓,🧑🏾‍🎓,🧑🏻‍🎓,🧑🏼‍🎓,🧑🏽‍🎓,🧑🏾‍🎓,🧑🏿‍🎓
👨‍🎓,man student,👨🏻‍🎓,👨🏻‍🎓,👨🏼‍🎓,👨🏻‍🎓,👨🏼‍🎓,👨🏽‍🎓,👨🏻‍🎓,👨🏼‍🎓,👨🏽‍🎓,👨🏾‍🎓,👨🏻‍🎓,👨🏼‍🎓,👨🏽‍🎓,👨🏾‍🎓,👨🏿‍🎓
👩‍🎓,woman student,👩🏻‍🎓,👩🏻‍🎓,👩🏼‍🎓,👩🏻‍🎓,👩🏼‍🎓,👩🏽‍🎓,👩🏻‍🎓,👩🏼‍🎓,👩🏽‍🎓,👩🏾‍🎓,👩🏻‍🎓,👩🏼‍🎓,👩🏽‍🎓,👩🏾‍🎓,👩🏿‍🎓
🧑‍🏫,teacher,🧑🏻‍🏫,🧑🏻‍🏫,🧑🏼‍🏫,🧑🏻‍🏫,🧑🏼‍🏫,🧑🏽‍🏫,🧑🏻‍🏫,🧑🏼‍🏫,🧑🏽‍🏫,🧑🏾‍🏫,🧑🏻‍🏫,🧑🏼‍🏫,🧑🏽‍🏫,🧑🏾‍🏫,🧑🏿‍🏫
👨‍🏫,man teacher,👨🏻‍🏫,👨🏻‍🏫,👨🏼‍🏫,👨🏻‍🏫,👨🏼‍🏫,👨🏽‍🏫,👨🏻‍🏫,👨🏼‍🏫,👨🏽‍🏫,👨🏾‍🏫,👨🏻‍🏫,👨🏼‍🏫,👨🏽‍🏫,👨🏾‍🏫,👨🏿‍🏫
👩‍🏫,woman teacher,👩🏻‍🏫,👩🏻‍🏫,👩🏼‍🏫,👩🏻‍🏫,👩🏼‍🏫,👩🏽‍🏫,👩🏻‍🏫,👩🏼‍🏫,👩🏽‍🏫,👩🏾‍🏫,👩🏻‍🏫,👩🏼‍🏫,👩🏽‍🏫,👩🏾‍🏫,👩🏿‍🏫
🧑‍⚖️,judge,🧑🏻‍⚖️,🧑🏻‍⚖️,🧑🏼‍⚖️,🧑🏻‍⚖️,🧑🏼‍⚖️,🧑🏽‍⚖️,🧑🏻‍⚖️,🧑🏼‍⚖️,🧑🏽‍⚖️,🧑🏾‍⚖️,🧑🏻‍⚖️,🧑🏼‍⚖️,🧑🏽‍⚖️,🧑🏾‍⚖️,🧑🏿‍⚖️
👨‍⚖️,man judge,👨🏻‍⚖️,👨🏻‍⚖️,👨🏼‍⚖️,👨🏻‍⚖️,👨🏼‍⚖️,👨🏽‍⚖️,👨🏻‍⚖️,👨🏼‍⚖️,👨🏽‍⚖️,👨🏾‍⚖️,👨🏻‍⚖️,👨🏼‍⚖️,👨🏽‍⚖️,👨🏾‍⚖️,👨🏿‍⚖️
👩‍⚖️,woman judge,👩🏻‍⚖️,👩🏻‍⚖️,👩🏼‍⚖️,👩🏻‍⚖️,👩🏼‍⚖️,👩🏽‍⚖️,👩🏻‍⚖️,👩🏼‍⚖️,👩🏽‍⚖️,👩🏾‍⚖️,👩🏻‍⚖️,👩🏼‍⚖️,👩🏽‍⚖️,👩🏾‍⚖️,👩🏿‍⚖️
🧑‍🌾,farmer,🧑🏻‍🌾,🧑🏻‍🌾,🧑🏼‍🌾,🧑🏻‍🌾,🧑🏼‍🌾,🧑🏽‍🌾,🧑🏻‍🌾,🧑🏼‍🌾,🧑🏽‍🌾,🧑🏾‍🌾,🧑🏻‍🌾,🧑🏼‍🌾,🧑🏽‍🌾,🧑🏾‍🌾,🧑🏿‍🌾
👨‍🌾,man farmer,👨🏻‍🌾,👨🏻‍🌾,👨🏼‍🌾,👨🏻‍🌾,👨🏼‍🌾,👨🏽‍🌾,👨🏻‍🌾,👨🏼‍🌾,👨🏽‍🌾,👨🏾‍🌾,👨🏻‍🌾,👨🏼‍🌾,👨🏽‍🌾,👨🏾‍🌾,👨🏿‍🌾
👩‍🌾,woman farmer,👩🏻‍🌾,👩🏻‍🌾,👩🏼‍🌾,👩🏻‍🌾,👩🏼‍🌾,👩🏽‍🌾,👩🏻‍🌾,👩🏼‍🌾,👩🏽‍🌾,👩🏾‍🌾,👩🏻‍🌾,👩🏼‍🌾,👩🏽‍🌾,👩🏾‍🌾,👩🏿‍🌾
🧑‍🍳,cook,🧑🏻‍🍳,🧑🏻‍🍳,🧑🏼‍🍳,🧑🏻‍🍳,🧑🏼‍🍳,🧑🏽‍🍳,🧑🏻‍🍳,🧑🏼‍🍳,🧑🏽‍🍳,🧑🏾‍🍳,🧑🏻‍🍳,🧑🏼‍🍳,🧑🏽‍🍳,🧑🏾‍🍳,🧑🏿‍🍳
👨‍🍳,man cook,👨🏻‍🍳,👨🏻‍🍳,👨🏼‍🍳,👨🏻‍🍳,👨🏼‍🍳,👨🏽‍🍳,👨🏻‍🍳,👨🏼‍🍳,👨🏽‍🍳,👨🏾‍🍳,👨🏻‍🍳,👨🏼‍🍳,👨🏽‍🍳,👨🏾‍🍳,👨🏿‍🍳
👩‍🍳,woman cook,👩🏻‍🍳,👩🏻‍🍳,👩🏼‍🍳,👩🏻‍🍳,👩🏼‍🍳,👩🏽‍🍳,👩🏻‍🍳,👩🏼‍🍳,👩🏽‍🍳,👩🏾‍🍳,👩🏻‍🍳,👩🏼‍🍳,👩🏽‍🍳,👩🏾‍🍳,👩🏿‍🍳
🧑‍🔧,mechanic,🧑🏻‍🔧,🧑🏻‍🔧,🧑🏼‍🔧,🧑🏻‍🔧,🧑🏼‍🔧,🧑🏽‍🔧,🧑🏻‍🔧,🧑🏼‍🔧,🧑🏽‍🔧,🧑🏾‍🔧,🧑🏻‍🔧,🧑🏼‍🔧,🧑🏽‍🔧,🧑🏾‍🔧,🧑🏿‍🔧
👨‍🔧,man mechanic,👨🏻‍🔧,👨🏻‍🔧,👨🏼‍🔧,👨🏻‍🔧,👨🏼‍🔧,👨🏽‍🔧,👨🏻‍🔧,👨🏼‍🔧,👨🏽‍🔧,👨🏾‍🔧,👨🏻‍🔧,👨🏼‍🔧,👨🏽‍🔧,👨🏾‍🔧,👨🏿‍🔧
👩‍🔧,woman mechanic,👩🏻‍🔧,👩🏻‍🔧,👩🏼‍🔧,👩🏻‍🔧,👩🏼‍🔧,👩🏽‍🔧,👩🏻‍🔧,👩🏼‍🔧,👩🏽‍🔧,👩🏾‍🔧,👩🏻‍🔧,👩🏼‍🔧,👩🏽‍🔧,👩🏾‍🔧,👩🏿‍🔧
🧑‍🏭,factory worker,🧑🏻‍🏭,🧑🏻‍🏭,🧑🏼‍🏭,🧑🏻‍🏭,🧑🏼‍🏭,🧑🏽‍🏭,🧑🏻‍🏭,🧑🏼‍🏭,🧑🏽‍🏭,🧑🏾‍🏭,🧑🏻‍🏭,🧑🏼‍🏭,🧑🏽‍🏭,🧑🏾‍🏭,🧑🏿‍🏭
👨‍🏭,man factory worker,👨🏻‍🏭,👨🏻‍🏭,👨🏼‍🏭,👨🏻‍🏭,👨🏼‍🏭,👨🏽‍🏭,👨🏻‍🏭,👨🏼‍🏭,👨🏽‍🏭,👨🏾‍🏭,👨🏻‍🏭,👨🏼‍🏭,👨🏽‍🏭,👨🏾‍🏭,👨🏿‍🏭
👩‍🏭,woman factory worker,👩🏻‍🏭,👩🏻‍🏭,👩🏼‍🏭,👩🏻‍🏭,👩🏼‍🏭,👩🏽‍🏭,👩🏻‍🏭,👩🏼‍🏭,👩🏽‍🏭,👩🏾‍🏭,👩🏻‍🏭,👩🏼‍🏭,👩🏽‍🏭,👩🏾‍🏭,👩🏿‍🏭
🧑‍💼,office worker,🧑🏻‍💼,🧑🏻‍💼,🧑🏼‍💼,🧑🏻‍💼,🧑🏼‍💼,🧑🏽‍💼,🧑🏻‍💼,🧑🏼‍💼,🧑🏽‍💼,🧑🏾‍💼,🧑🏻‍💼,🧑🏼‍💼,🧑🏽‍💼,🧑🏾‍💼,🧑🏿‍💼
👨‍💼,man office worker,👨🏻‍💼,👨🏻‍💼,👨🏼‍💼,👨🏻‍💼,👨🏼‍💼,👨🏽‍💼,👨🏻‍💼,👨🏼‍💼,👨🏽‍💼,👨🏾‍💼,👨🏻‍💼,👨🏼‍💼,👨🏽‍💼,👨🏾‍💼,👨🏿‍💼
👩‍💼,woman office worker,👩🏻‍💼,👩🏻‍💼,👩🏼‍💼,👩🏻‍💼,👩🏼‍💼,👩🏽‍💼,👩🏻‍💼,👩🏼‍💼,👩🏽‍💼,👩🏾‍💼,👩🏻‍💼,👩🏼‍💼,👩🏽‍💼,👩🏾‍💼,👩🏿‍💼
🧑‍🔬,scientist,🧑🏻‍🔬,🧑🏻‍🔬,🧑🏼‍🔬,🧑🏻‍🔬,🧑🏼‍🔬,🧑🏽‍🔬,🧑🏻‍🔬,🧑🏼‍🔬,🧑🏽‍🔬,🧑🏾‍🔬,🧑🏻‍🔬,🧑🏼‍🔬,🧑🏽‍🔬,🧑🏾‍🔬,🧑🏿‍🔬
👨‍🔬,man scientist,👨🏻‍🔬,👨🏻‍🔬,👨🏼‍🔬,👨🏻‍🔬,👨🏼‍🔬,👨🏽‍🔬,👨🏻‍🔬,👨🏼‍🔬,👨🏽‍🔬,👨🏾‍🔬,👨🏻‍🔬,👨🏼‍🔬,👨🏽‍🔬,👨🏾‍🔬,👨🏿‍🔬
👩‍🔬,woman scientist,👩🏻‍🔬,👩🏻‍🔬,👩🏼‍🔬,👩🏻‍🔬,👩🏼‍🔬,👩🏽‍🔬,👩🏻‍🔬,👩🏼‍🔬,👩🏽‍🔬,👩🏾‍🔬,👩🏻‍🔬,👩🏼‍🔬,👩🏽‍🔬,👩🏾‍🔬,👩🏿‍🔬
🧑‍💻,technologist,🧑🏻‍💻,🧑🏻‍💻,🧑🏼‍💻,🧑🏻‍💻,🧑🏼‍💻,🧑🏽‍💻,🧑🏻‍💻,🧑🏼‍💻,🧑🏽‍💻,🧑🏾‍💻,🧑🏻‍💻,🧑🏼‍💻,🧑🏽‍💻,🧑🏾‍💻,🧑🏿‍💻
👨‍💻,man technologist,👨🏻‍💻,👨🏻‍💻,👨🏼‍💻,👨🏻‍💻,👨🏼‍💻,👨🏽‍💻,👨🏻‍💻,👨🏼‍💻,👨🏽‍💻,👨🏾‍💻,👨🏻‍💻,👨🏼‍💻,👨🏽‍💻,👨🏾‍💻,👨🏿‍💻
👩‍💻,woman technologist,👩🏻‍💻,👩🏻‍💻,👩🏼‍💻,👩🏻‍💻,👩🏼‍💻,👩🏽‍💻,👩🏻‍💻,👩🏼‍💻,👩🏽‍💻,👩🏾‍💻,👩🏻‍💻,👩🏼‍💻,👩🏽‍💻,👩🏾‍💻,👩🏿‍💻
🧑‍🎤,singer,🧑🏻‍🎤,🧑🏻‍🎤,🧑🏼‍🎤,🧑🏻‍🎤,🧑🏼‍🎤,🧑🏽‍🎤,🧑🏻‍🎤,🧑🏼‍🎤,🧑🏽‍🎤,🧑🏾‍🎤,🧑🏻‍🎤,🧑🏼‍🎤,🧑🏽‍🎤,🧑🏾‍🎤,🧑🏿‍🎤
👨‍🎤,man singer,👨🏻‍🎤,👨🏻‍🎤,👨🏼‍🎤,👨🏻‍🎤,👨🏼‍🎤,👨🏽‍🎤,👨🏻‍🎤,👨🏼‍🎤,👨🏽‍🎤,👨🏾‍🎤,👨🏻‍🎤,👨🏼‍🎤,👨🏽‍🎤,👨🏾‍🎤,👨🏿‍🎤
👩‍🎤,woman singer,👩🏻‍🎤,👩🏻‍🎤,👩🏼‍🎤,👩🏻‍🎤,👩🏼‍🎤,👩🏽‍🎤,👩🏻‍🎤,👩🏼‍🎤,👩🏽‍🎤,👩🏾‍🎤,👩🏻‍🎤,👩🏼‍🎤,👩🏽‍🎤,👩🏾‍🎤,👩🏿‍🎤
🧑‍🎨,artist,🧑🏻‍🎨,🧑🏻‍🎨,🧑🏼‍🎨,🧑🏻‍🎨,🧑🏼‍🎨,🧑🏽‍🎨,🧑🏻‍🎨,🧑🏼‍🎨,🧑🏽‍🎨,🧑🏾‍🎨,🧑🏻‍🎨,🧑🏼‍🎨,🧑🏽‍🎨,🧑🏾‍🎨,🧑🏿‍🎨
👨‍🎨,man artist,👨🏻‍🎨,👨🏻‍🎨,👨🏼‍🎨,👨🏻‍🎨,👨🏼‍🎨,👨🏽‍🎨,👨🏻‍🎨,👨🏼‍🎨,👨🏽‍🎨,👨🏾‍🎨,👨🏻‍🎨,👨🏼‍🎨,👨🏽‍🎨,👨🏾‍🎨,👨🏿‍🎨
👩‍🎨,woman artist,👩🏻‍🎨,👩🏻‍🎨,👩🏼‍🎨,👩🏻‍🎨,👩🏼‍🎨,👩🏽‍🎨,👩🏻‍🎨,👩🏼‍🎨,👩🏽‍🎨,👩🏾‍🎨,👩🏻‍🎨,👩🏼‍🎨,👩🏽‍🎨,👩🏾‍🎨,👩🏿‍🎨
🧑‍✈️,pilot,🧑🏻‍✈️,🧑🏻‍✈️,🧑🏼‍✈️,🧑🏻‍✈️,🧑🏼‍✈️,🧑🏽‍✈️,🧑🏻‍✈️,🧑🏼‍✈️,🧑🏽‍✈️,🧑🏾‍✈️,🧑🏻‍✈️,🧑🏼‍✈️,🧑🏽‍✈️,🧑🏾‍✈️,🧑🏿‍✈️
👨‍✈️,man pilot,👨🏻‍✈️,👨🏻‍✈️,👨🏼‍✈️,👨🏻‍✈️,👨🏼‍✈️,👨🏽‍✈️,👨🏻‍✈️,👨🏼‍✈️,👨🏽‍✈️,👨🏾‍✈️,👨🏻‍✈️,👨🏼‍✈️,👨🏽‍✈️,👨🏾‍✈️,👨🏿‍✈️
👩‍✈️,woman pilot,👩🏻‍✈️,👩🏻‍✈️,👩🏼‍✈️,👩🏻‍✈️,👩🏼‍✈️,👩🏽‍✈️,👩🏻‍✈️,👩🏼‍✈️,👩🏽‍✈️,👩🏾‍✈️,👩🏻‍✈️,👩🏼‍✈️,👩🏽‍✈️,👩🏾‍✈️,👩🏿‍✈️
🧑‍🚀,astronaut,🧑🏻‍🚀,🧑🏻‍🚀,🧑🏼‍🚀,🧑🏻‍🚀,🧑🏼‍🚀,🧑🏽‍🚀,🧑🏻‍🚀,🧑🏼‍🚀,🧑🏽‍🚀,🧑🏾‍🚀,🧑🏻‍🚀,🧑🏼‍🚀,🧑🏽‍🚀,🧑🏾‍🚀,🧑🏿‍🚀
👨‍🚀,man astronaut,👨🏻‍🚀,👨🏻‍🚀,👨🏼‍🚀,👨🏻‍🚀,👨🏼‍🚀,👨🏽‍🚀,👨🏻‍🚀,👨🏼‍🚀,👨🏽‍🚀,👨🏾‍🚀,👨🏻‍🚀,👨🏼‍🚀,👨🏽‍🚀,👨🏾‍🚀,👨🏿‍🚀
👩‍🚀,woman astronaut,👩🏻‍🚀,👩🏻‍🚀,👩🏼‍🚀,👩🏻‍🚀,👩🏼‍🚀,👩🏽‍🚀,👩🏻‍🚀,👩🏼‍🚀,👩🏽‍🚀,👩🏾‍🚀,👩🏻‍🚀,👩🏼‍🚀,👩🏽‍🚀,👩🏾‍🚀,👩🏿‍🚀
🧑‍🚒,firefighter,🧑🏻‍🚒,🧑🏻‍🚒,🧑🏼‍🚒,🧑🏻‍🚒,🧑🏼‍🚒,🧑🏽‍🚒,🧑🏻‍🚒,🧑🏼‍🚒,🧑🏽‍🚒,🧑🏾‍🚒,🧑🏻‍🚒,🧑🏼‍🚒,🧑🏽‍🚒,🧑🏾‍🚒,🧑🏿‍🚒
👨‍🚒,man firefighter,👨🏻‍🚒,👨🏻‍🚒,👨🏼‍🚒,👨🏻‍🚒,👨🏼‍🚒,👨🏽‍🚒,👨🏻‍🚒,👨🏼‍🚒,👨🏽‍🚒,👨🏾‍🚒,👨🏻‍🚒,👨🏼‍🚒,👨🏽‍🚒,👨🏾‍🚒,👨🏿‍🚒
👩‍🚒,woman firefighter,👩🏻‍🚒,👩🏻‍🚒,👩🏼‍🚒,👩🏻‍🚒,👩🏼‍🚒,👩🏽‍🚒,👩🏻‍🚒,👩🏼‍🚒,👩🏽‍🚒,👩🏾‍🚒,👩🏻‍🚒,👩🏼‍🚒,👩🏽‍🚒,👩🏾‍🚒,👩🏿‍🚒
👮,police officer,👮🏻,👮🏻,👮🏼,👮🏻,👮🏼,👮🏽,👮🏻,👮🏼,👮🏽,👮🏾,👮🏻,👮🏼,👮🏽,👮🏾,👮🏿
👮‍♂️,man police officer,👮🏻‍♂️,👮🏻‍♂️,👮🏼‍♂️,👮🏻‍♂️,👮🏼‍♂️,👮🏽‍♂️,👮🏻‍♂️,👮🏼‍♂️,👮🏽‍♂️,👮🏾‍♂️,👮🏻‍♂️,👮🏼‍♂️,👮🏽‍♂️,👮🏾‍♂️,👮🏿‍♂️
👮‍♀️,woman police officer,👮🏻‍♀️,👮🏻‍♀️,👮🏼‍♀️,👮🏻‍♀️,👮🏼‍♀️,👮🏽‍♀️,👮🏻‍♀️,👮🏼‍♀️,👮🏽‍♀️,👮🏾‍♀️,👮🏻‍♀️,👮🏼‍♀️,👮🏽‍♀️,👮🏾‍♀️,👮🏿‍♀️
🕵️,detective,🕵🏻,🕵🏻,🕵🏼,🕵🏻,🕵🏼,🕵🏽,🕵🏻,🕵🏼,🕵🏽,🕵🏾,🕵🏻,🕵🏼,🕵🏽,🕵🏾,🕵🏿
🕵️‍♂️,man detective,🕵🏻‍♂️,🕵🏻‍♂️,🕵🏼‍♂️,🕵🏻‍♂️,🕵🏼‍♂️,🕵🏽‍♂️,🕵🏻‍♂️,🕵🏼‍♂️,🕵🏽‍♂️,🕵🏾‍♂️
🕵️‍♀️,woman detective,🕵🏻‍♀️,🕵🏻‍♀️,🕵🏼‍♀️,🕵🏻‍♀️,🕵🏼‍♀️,🕵🏽‍♀️,🕵🏻‍♀️,🕵🏼‍♀️,🕵🏽‍♀️,🕵🏾‍♀️
💂,guard,💂🏻,💂🏻,💂🏼,💂🏻,💂🏼,💂🏽,💂🏻,💂🏼,💂🏽,💂🏾,💂🏻,💂🏼,💂🏽,💂🏾,💂🏿
💂‍♂️,man guard,💂🏻‍♂️,💂🏻‍♂️,💂🏼‍♂️,💂🏻‍♂️,💂🏼‍♂️,💂🏽‍♂️,💂🏻‍♂️,💂🏼‍♂️,💂🏽‍♂️,💂🏾‍♂️,💂🏻‍♂️,💂🏼‍♂️,💂🏽‍♂️,💂🏾‍♂️,💂🏿‍♂️
💂‍♀️,woman guard,💂🏻‍♀️,💂🏻‍♀️,💂🏼‍♀️,💂🏻‍♀️,💂🏼‍♀️,💂🏽‍♀️,💂🏻‍♀️,💂🏼‍♀️,💂🏽‍♀️,💂🏾‍♀️,💂🏻‍♀️,💂🏼‍♀️,💂🏽‍♀️,💂🏾‍♀️,💂🏿‍♀️
🥷,ninja,🥷🏻,🥷🏻,🥷🏼,🥷🏻,🥷🏼,🥷🏽,🥷🏻,🥷🏼,🥷🏽,🥷🏾,🥷🏻,🥷🏼,🥷🏽,🥷🏾,🥷🏿
👷,construction worker,👷🏻,👷🏻,👷🏼,👷🏻,👷🏼,👷🏽,👷🏻,👷🏼,👷🏽,👷🏾,👷🏻,👷🏼,👷🏽,👷🏾,👷🏿
👷‍♂️,man construction worker,👷🏻‍♂️,👷🏻‍♂️,👷🏼‍♂️,👷🏻‍♂️,👷🏼‍♂️,👷🏽‍♂️,👷🏻‍♂️,👷🏼‍♂️,👷🏽‍♂️,👷🏾‍♂️,👷🏻‍♂️,👷🏼‍♂️,👷🏽‍♂️,👷🏾‍♂️,👷🏿‍♂️
👷‍♀️,woman construction worker,👷🏻‍♀️,👷🏻‍♀️,👷🏼‍♀️,👷🏻‍♀️,👷🏼‍♀️,👷🏽‍♀️,👷🏻‍♀️,👷🏼‍♀️,👷🏽‍♀️,👷🏾‍♀️,👷🏻‍♀️,👷🏼‍♀️,👷🏽‍♀️,👷🏾‍♀️,👷🏿‍♀️
🫅,person with crown,🫅🏻,🫅🏻,🫅🏼,🫅🏻,🫅🏼,🫅🏽,🫅🏻,🫅🏼,🫅🏽,🫅🏾,🫅🏻,🫅🏼,🫅🏽,🫅🏾,🫅🏿
🤴,prince,🤴🏻,🤴🏻,🤴🏼,🤴🏻,🤴🏼,🤴🏽,🤴🏻,🤴🏼,🤴🏽,🤴🏾,🤴🏻,🤴🏼,🤴🏽,🤴🏾,🤴🏿
👸,princess,👸🏻,👸🏻,👸🏼,👸🏻,👸🏼,👸🏽,👸🏻,👸🏼,👸🏽,👸🏾,👸🏻,👸🏼,👸🏽,👸🏾,👸🏿
👳,person wearing turban,👳🏻,👳🏻,👳🏼,👳🏻,👳🏼,👳🏽,👳🏻,👳🏼,👳🏽,👳🏾,👳🏻,👳🏼,👳🏽,👳🏾,👳🏿
👳‍♂️,man wearing turban,👳🏻‍♂️,👳🏻‍♂️,👳🏼‍♂️,👳🏻‍♂️,👳🏼‍♂️,👳🏽‍♂️,👳🏻‍♂️,👳🏼‍♂️,👳🏽‍♂️,👳🏾‍♂️,👳🏻‍♂️,👳🏼‍♂️,👳🏽‍♂️,👳🏾‍♂️,👳🏿‍♂️
👳‍♀️,woman wearing turban,👳🏻‍♀️,👳🏻‍♀️,👳🏼‍♀️,👳🏻‍♀️,👳🏼‍♀️,👳🏽‍♀️,👳🏻‍♀️,👳🏼‍♀️,👳🏽‍♀️,👳🏾‍♀️,👳🏻‍♀️,👳🏼‍♀️,👳🏽‍♀️,👳🏾‍♀️,👳🏿‍♀️
👲,person with skullcap,👲🏻,👲🏻,👲🏼,👲🏻,👲🏼,👲🏽,👲🏻,👲🏼,👲🏽,👲🏾,👲🏻,👲🏼,👲🏽,👲🏾,👲🏿
🧕,woman with headscarf,🧕🏻,🧕🏻,🧕🏼,🧕🏻,🧕🏼,🧕🏽,🧕🏻,🧕🏼,🧕🏽,🧕🏾,🧕🏻,🧕🏼,🧕🏽,🧕🏾,🧕🏿
🤵,person in tuxedo,🤵🏻,🤵🏻,🤵🏼,🤵🏻,🤵🏼,🤵🏽,🤵🏻,🤵🏼,🤵🏽,🤵🏾,🤵🏻,🤵🏼,🤵🏽,🤵🏾,🤵🏿
🤵‍♂️,man in tuxedo,🤵🏻‍♂️,🤵🏻‍♂️,🤵🏼‍♂️,🤵🏻‍♂️,🤵🏼‍♂️,🤵🏽‍♂️,🤵🏻‍♂️,🤵🏼‍♂️,🤵🏽‍♂️,🤵🏾‍♂️,🤵🏻‍♂️,🤵🏼‍♂️,🤵🏽‍♂️,🤵🏾‍♂️,🤵🏿‍♂️
🤵‍♀️,woman in tuxedo,🤵🏻‍♀️,🤵🏻‍♀️,🤵🏼‍♀️,🤵🏻‍♀️,🤵🏼‍♀️,🤵🏽‍♀️,🤵🏻‍♀️,🤵🏼‍♀️,🤵🏽‍♀️,🤵🏾‍♀️,🤵🏻‍♀️,🤵🏼‍♀️,🤵🏽‍♀️,🤵🏾‍♀️,🤵🏿‍♀️
👰,person with veil,👰🏻,👰🏻,👰🏼,👰🏻,👰🏼,👰🏽,👰🏻,👰🏼,👰🏽,👰🏾,👰🏻,👰🏼,👰🏽,👰🏾,👰🏿
👰‍♂️,man with veil,👰🏻‍♂️,👰🏻‍♂️,👰🏼‍♂️,👰🏻‍♂️,👰🏼‍♂️,👰🏽‍♂️,👰🏻‍♂️,👰🏼‍♂️,👰🏽‍♂️,👰🏾‍♂️,👰🏻‍♂️,👰🏼‍♂️,👰🏽‍♂️,👰🏾‍♂️,👰🏿‍♂️
👰‍♀️,woman with veil,👰🏻‍♀️,👰🏻‍♀️,👰🏼‍♀️,👰🏻‍♀️,👰🏼‍♀️,👰🏽‍♀️,👰🏻‍♀️,👰🏼‍♀️,👰🏽‍♀️,👰🏾‍♀️,👰🏻‍♀️,👰🏼‍♀️,👰🏽‍♀️,👰🏾‍♀️,👰🏿‍♀️
🤰,pregnant woman,🤰🏻,🤰🏻,🤰🏼,🤰🏻,🤰🏼,🤰🏽,🤰🏻,🤰🏼,🤰🏽,🤰🏾,🤰🏻,🤰🏼,🤰🏽,🤰🏾,🤰🏿
🫃,pregnant man,🫃🏻,🫃🏻,🫃🏼,🫃🏻,🫃🏼,🫃🏽,🫃🏻,🫃🏼,🫃🏽,🫃🏾,🫃🏻,🫃🏼,🫃🏽,🫃🏾,🫃🏿
🫄,pregnant person,🫄🏻,🫄🏻,🫄🏼,🫄🏻,🫄🏼,🫄🏽,🫄🏻,🫄🏼,🫄🏽,🫄🏾,🫄🏻,🫄🏼,🫄🏽,🫄🏾,🫄🏿
🤱,breast-feeding,🤱🏻,🤱🏻,🤱🏼,🤱🏻,🤱🏼,🤱🏽,🤱🏻,🤱🏼,🤱🏽,🤱🏾,🤱🏻,🤱🏼,🤱🏽,🤱🏾,🤱🏿
👩‍🍼,woman feeding baby,👩🏻‍🍼,👩🏻‍🍼,👩🏼‍🍼,👩🏻‍🍼,👩🏼‍🍼,👩🏽‍🍼,👩🏻‍🍼,👩🏼‍🍼,👩🏽‍🍼,👩🏾‍🍼,👩🏻‍🍼,👩🏼‍🍼,👩🏽‍🍼,👩🏾‍🍼,👩🏿‍🍼
👨‍🍼,man feeding baby,👨🏻‍🍼,👨🏻‍🍼,👨🏼‍🍼,👨🏻‍🍼,👨🏼‍🍼,👨🏽‍🍼,👨🏻‍🍼,👨🏼‍🍼,👨🏽‍🍼,👨🏾‍🍼,👨🏻‍🍼,👨🏼‍🍼,👨🏽‍🍼,👨🏾‍🍼,👨🏿‍🍼
🧑‍🍼,person feeding baby,🧑🏻‍🍼,🧑🏻‍🍼,🧑🏼‍🍼,🧑🏻‍🍼,🧑🏼‍🍼,🧑🏽‍🍼,🧑🏻‍🍼,🧑🏼‍🍼,🧑🏽‍🍼,🧑🏾‍🍼,🧑🏻‍🍼,🧑🏼‍🍼,🧑🏽‍🍼,🧑🏾‍🍼,🧑🏿‍🍼
👼,baby angel,👼🏻,👼🏻,👼🏼,👼🏻,👼🏼,👼🏽,👼🏻,👼🏼,👼🏽,👼🏾,👼🏻,👼🏼,👼🏽,👼🏾,👼🏿
🎅,Santa Claus,🎅🏻,🎅🏻,🎅🏼,🎅🏻,🎅🏼,🎅🏽,🎅🏻,🎅🏼,🎅🏽,🎅🏾,🎅🏻,🎅🏼,🎅🏽,🎅🏾,🎅🏿
🤶,Mrs. Claus,🤶🏻,🤶🏻,🤶🏼,🤶🏻,🤶🏼,🤶🏽,🤶🏻,🤶🏼,🤶🏽,🤶🏾,🤶🏻,🤶🏼,🤶🏽,🤶🏾,🤶🏿
🧑‍🎄,mx claus,🧑🏻‍🎄,🧑🏻‍🎄,🧑🏼‍🎄,🧑🏻‍🎄,🧑🏼‍🎄,🧑🏽‍🎄,🧑🏻‍🎄,🧑🏼‍🎄,🧑🏽‍🎄,🧑🏾‍🎄,🧑🏻‍🎄,🧑🏼‍🎄,🧑🏽‍🎄,🧑🏾‍🎄,🧑🏿‍🎄
🦸,superhero,🦸🏻,🦸🏻,🦸🏼,🦸🏻,🦸🏼,🦸🏽,🦸🏻,🦸🏼,🦸🏽,🦸🏾,🦸🏻,🦸🏼,🦸🏽,🦸🏾,🦸🏿
🦸‍♂️,man superhero,🦸🏻‍♂️,🦸🏻‍♂️,🦸🏼‍♂️,🦸🏻‍♂️,🦸🏼‍♂️,🦸🏽‍♂️,🦸🏻‍♂️,🦸🏼‍♂️,🦸🏽‍♂️,🦸🏾‍♂️,🦸🏻‍♂️,🦸🏼‍♂️,🦸🏽‍♂️,🦸🏾‍♂️,🦸🏿‍♂️
🦸‍♀️,woman superhero,🦸🏻‍♀️,🦸🏻‍♀️,🦸🏼‍♀️,🦸🏻‍♀️,🦸🏼‍♀️,🦸🏽‍♀️,🦸🏻‍♀️,🦸🏼‍♀️,🦸🏽‍♀️,🦸🏾‍♀️,🦸🏻‍♀️,🦸🏼‍♀️,🦸🏽‍♀️,🦸🏾‍♀️,🦸🏿‍♀️
🦹,supervillain,🦹🏻,🦹🏻,🦹🏼,🦹🏻,🦹🏼,🦹🏽,🦹🏻,🦹🏼,🦹🏽,🦹🏾,🦹🏻,🦹🏼,🦹🏽,🦹🏾,🦹🏿
🦹‍♂️,man supervillain,🦹🏻‍♂️,🦹🏻‍♂️,🦹🏼‍♂️,🦹🏻‍♂️,🦹🏼‍♂️,🦹🏽‍♂️,🦹🏻‍♂️,🦹🏼‍♂️,🦹🏽‍♂️,🦹🏾‍♂️,🦹🏻‍♂️,🦹🏼‍♂️,🦹🏽‍♂️,🦹🏾‍♂️,🦹🏿‍♂️
🦹‍♀️,woman supervillain,🦹🏻‍♀️,🦹🏻‍♀️,🦹🏼‍♀️,🦹🏻‍♀️,🦹🏼‍♀️,🦹🏽‍♀️,🦹🏻‍♀️,🦹🏼‍♀️,🦹🏽‍♀️,🦹🏾‍♀️,🦹🏻‍♀️,🦹🏼‍♀️,🦹🏽‍♀️,🦹🏾‍♀️,🦹🏿‍♀️
🧙,mage,🧙🏻,🧙🏻,🧙🏼,🧙🏻,🧙🏼,🧙🏽,🧙🏻,🧙🏼,🧙🏽,🧙🏾,🧙🏻,🧙🏼,🧙🏽,🧙🏾,🧙🏿
🧙‍♂️,man mage,🧙🏻‍♂️,🧙🏻‍♂️,🧙🏼‍♂️,🧙🏻‍♂️,🧙🏼‍♂️,🧙🏽‍♂️,🧙🏻‍♂️,🧙🏼‍♂️,🧙🏽‍♂️,🧙🏾‍♂️,🧙🏻‍♂️,🧙🏼‍♂️,🧙🏽‍♂️,🧙🏾‍♂️,🧙🏿‍♂️
🧙‍♀️,woman mage,🧙🏻‍♀️,🧙🏻‍♀️,🧙🏼‍♀️,🧙🏻‍♀️,🧙🏼‍♀️,🧙🏽‍♀️,🧙🏻‍♀️,🧙🏼‍♀️,🧙🏽‍♀️,🧙🏾‍♀️,🧙🏻‍♀️,🧙🏼‍♀️,🧙🏽‍♀️,🧙🏾‍♀️,🧙🏿‍♀️
🧚,fairy,🧚🏻,🧚🏻,🧚🏼,🧚🏻,🧚🏼,🧚🏽,🧚🏻,🧚🏼,🧚🏽,🧚🏾,🧚🏻,🧚🏼,🧚🏽,🧚🏾,🧚🏿
🧚‍♂️,man fairy,🧚🏻‍♂️,🧚🏻‍♂️,🧚🏼‍♂️,🧚🏻‍♂️,🧚🏼‍♂️,🧚🏽‍♂️,🧚🏻‍♂️,🧚🏼‍♂️,🧚🏽‍♂️,🧚🏾‍♂️,🧚🏻‍♂️,🧚🏼‍♂️,🧚🏽‍♂️,🧚🏾‍♂️,🧚🏿‍♂️
🧚‍♀️,woman fairy,🧚🏻‍♀️,🧚🏻‍♀️,🧚🏼‍♀️,🧚🏻‍♀️,🧚🏼‍♀️,🧚🏽‍♀️,🧚🏻‍♀️,🧚🏼‍♀️,🧚🏽‍♀️,🧚🏾‍♀️,🧚🏻‍♀️,🧚🏼‍♀️,🧚🏽‍♀️,🧚🏾‍♀️,🧚🏿‍♀️
🧛,vampire,🧛🏻,🧛🏻,🧛🏼,🧛🏻,🧛🏼,🧛🏽,🧛🏻,🧛🏼,🧛🏽,🧛🏾,🧛🏻,🧛🏼,🧛🏽,🧛🏾,🧛🏿
🧛‍♂️,man vampire,🧛🏻‍♂️,🧛🏻‍♂️,🧛🏼‍♂️,🧛🏻‍♂️,🧛🏼‍♂️,🧛🏽‍♂️,🧛🏻‍♂️,🧛🏼‍♂️,🧛🏽‍♂️,🧛🏾‍♂️,🧛🏻‍♂️,🧛🏼‍♂️,🧛🏽‍♂️,🧛🏾‍♂️,🧛🏿‍♂️
🧛‍♀️,woman vampire,🧛🏻‍♀️,🧛🏻‍♀️,🧛🏼‍♀️,🧛🏻‍♀️,🧛🏼‍♀️,🧛🏽‍♀️,🧛🏻‍♀️,🧛🏼‍♀️,🧛🏽‍♀️,🧛🏾‍♀️,🧛🏻‍♀️,🧛🏼‍♀️,🧛🏽‍♀️,🧛🏾‍♀️,🧛🏿‍♀️
🧜,merperson,🧜🏻,🧜🏻,🧜🏼,🧜🏻,🧜🏼,🧜🏽,🧜🏻,🧜🏼,🧜🏽,🧜🏾,🧜🏻,🧜🏼,🧜🏽,🧜🏾,🧜🏿
🧜‍♂️,merman,🧜🏻‍♂️,🧜🏻‍♂️,🧜🏼‍♂️,🧜🏻‍♂️,🧜🏼‍♂️,🧜🏽‍♂️,🧜🏻‍♂️,🧜🏼‍♂️,🧜🏽‍♂️,🧜🏾‍♂️,🧜🏻‍♂️,🧜🏼‍♂️,🧜🏽‍♂️,🧜🏾‍♂️,🧜🏿‍♂️
🧜‍♀️,mermaid,🧜🏻‍♀️,🧜🏻‍♀️,🧜🏼‍♀️,🧜🏻‍♀️,🧜🏼‍♀️,🧜🏽‍♀️,🧜🏻‍♀️,🧜🏼‍♀️,🧜🏽‍♀️,🧜🏾‍♀️,🧜🏻‍♀️,🧜🏼‍♀️,🧜🏽‍♀️,🧜🏾‍♀️,🧜🏿‍♀️
🧝,elf,🧝🏻,🧝🏻,🧝🏼,🧝🏻,🧝🏼,🧝🏽,🧝🏻,🧝🏼,🧝🏽,🧝🏾,🧝🏻,🧝🏼,🧝🏽,🧝🏾,🧝🏿
🧝‍♂️,man elf,🧝🏻‍♂️,🧝🏻‍♂️,🧝🏼‍♂️,🧝🏻‍♂️,🧝🏼‍♂️,🧝🏽‍♂️,🧝🏻‍♂️,🧝🏼‍♂️,🧝🏽‍♂️,🧝🏾‍♂️,🧝🏻‍♂️,🧝🏼‍♂️,🧝🏽‍♂️,🧝🏾‍♂️,🧝🏿‍♂️
🧝‍♀️,woman elf,🧝🏻‍♀️,🧝🏻‍♀️,🧝🏼‍♀️,🧝🏻‍♀️,🧝🏼‍♀️,🧝🏽‍♀️,🧝🏻‍♀️,🧝🏼‍♀️,🧝🏽‍♀️,🧝🏾‍♀️,🧝🏻‍♀️,🧝🏼‍♀️,🧝🏽‍♀️,🧝🏾‍♀️,🧝🏿‍♀️
🧞,genie
🧞‍♂️,man genie
🧞‍♀️,woman genie
🧟,zombie
🧟‍♂️,man zombie
🧟‍♀️,woman zombie
🧌,troll
💆,person getting massage,💆🏻,💆🏻,💆🏼,💆🏻,💆🏼,💆🏽,💆🏻,💆🏼,💆🏽,💆🏾,💆🏻,💆🏼,💆🏽,💆🏾,💆🏿
💆‍♂️,man getting massage,💆🏻‍♂️,💆🏻‍♂️,💆🏼‍♂️,💆🏻‍♂️,💆🏼‍♂️,💆🏽‍♂️,💆🏻‍♂️,💆🏼‍♂️,💆🏽‍♂️,💆🏾‍♂️,💆🏻‍♂️,💆🏼‍♂️,💆🏽‍♂️,💆🏾‍♂️,💆🏿‍♂️
💆‍♀️,woman getting massage,💆🏻‍♀️,💆🏻‍♀️,💆🏼‍♀️,💆🏻‍♀️,💆🏼‍♀️,💆🏽‍♀️,💆🏻‍♀️,💆🏼‍♀️,💆🏽‍♀️,💆🏾‍♀️,💆🏻‍♀️,💆🏼‍♀️,💆🏽‍♀️,💆🏾‍♀️,💆🏿‍♀️
💇,person getting haircut,💇🏻,💇🏻,💇🏼,💇🏻,💇🏼,💇🏽,💇🏻,💇🏼,💇🏽,💇🏾,💇🏻,💇🏼,💇🏽,💇🏾,💇🏿
💇‍♂️,man getting haircut,💇🏻‍♂️,💇🏻‍♂️,💇🏼‍♂️,💇🏻‍♂️,💇🏼‍♂️,💇🏽‍♂️,💇🏻‍♂️,💇🏼‍♂️,💇🏽‍♂️,💇🏾‍♂️,💇🏻‍♂️,💇🏼‍♂️,💇🏽‍♂️,💇🏾‍♂️,💇🏿‍♂️
💇‍♀️,woman getting haircut,💇🏻‍♀️,💇🏻‍♀️,💇🏼‍♀️,💇🏻‍♀️,💇🏼‍♀️,💇🏽‍♀️,💇🏻‍♀️,💇🏼‍♀️,💇🏽‍♀️,💇🏾‍♀️,💇🏻‍♀️,💇🏼‍♀️,💇🏽‍♀️,💇🏾‍♀️,💇🏿‍♀️
🚶,person walking,🚶🏻,🚶🏻,🚶🏼,🚶🏻,🚶🏼,🚶🏽,🚶🏻,🚶🏼,🚶🏽,🚶🏾,🚶🏻,🚶🏼,🚶🏽,🚶🏾,🚶🏿
🚶‍♂️,man walking,🚶🏻‍♂️,🚶🏻‍♂️,🚶🏼‍♂️,🚶🏻‍♂️,🚶🏼‍♂️,🚶🏽‍♂️,🚶🏻‍♂️,🚶🏼‍♂️,🚶🏽‍♂️,🚶🏾‍♂️,🚶🏻‍♂️,🚶🏼‍♂️,🚶🏽‍♂️,🚶🏾‍♂️,🚶🏿‍♂️
🚶‍♀️,woman walking,🚶🏻‍♀️,🚶🏻‍♀️,🚶🏼‍♀️,🚶🏻‍♀️,🚶🏼‍♀️,🚶🏽‍♀️,🚶🏻‍♀️,🚶🏼‍♀️,🚶🏽‍♀️,🚶🏾‍♀️,🚶🏻‍♀️,🚶🏼‍♀️,🚶🏽‍♀️,🚶🏾‍♀️,🚶🏿‍♀️
🧍,person standing,🧍🏻,🧍🏻,🧍🏼,🧍🏻,🧍🏼,🧍🏽,🧍🏻,🧍🏼,🧍🏽,🧍🏾,🧍🏻,🧍🏼,🧍🏽,🧍🏾,🧍🏿
🧍‍♂️,man standing,🧍🏻‍♂️,🧍🏻‍♂️,🧍🏼‍♂️,🧍🏻‍♂️,🧍🏼‍♂️,🧍🏽‍♂️,🧍🏻‍♂️,🧍🏼‍♂️,🧍🏽‍♂️,🧍🏾‍♂️,🧍🏻‍♂️,🧍🏼‍♂️,🧍🏽‍♂️,🧍🏾‍♂️,🧍🏿‍♂️
🧍‍♀️,woman standing,🧍🏻‍♀️,🧍🏻‍♀️,🧍🏼‍♀️,🧍🏻‍♀️,🧍🏼‍♀️,🧍🏽‍♀️,🧍🏻‍♀️,🧍🏼‍♀️,🧍🏽‍♀️,🧍🏾‍♀️,🧍🏻‍♀️,🧍🏼‍♀️,🧍🏽‍♀️,🧍🏾‍♀️,🧍🏿‍♀️
🧎,person kneeling,🧎🏻,🧎🏻,🧎🏼,🧎🏻,🧎🏼,🧎🏽,🧎🏻,🧎🏼,🧎🏽,🧎🏾,🧎🏻,🧎🏼,🧎🏽,🧎🏾,🧎🏿
🧎‍♂️,man kneeling,🧎🏻‍♂️,🧎🏻‍♂️,🧎🏼‍♂️,🧎🏻‍♂️,🧎🏼‍♂️,🧎🏽‍♂️,🧎🏻‍♂️,🧎🏼‍♂️,🧎🏽‍♂️,🧎🏾‍♂️,🧎🏻‍♂️,🧎🏼‍♂️,🧎🏽‍♂️,🧎🏾‍♂️,🧎🏿‍♂️
🧎‍♀️,woman kneeling,🧎🏻‍♀️,🧎🏻‍♀️,🧎🏼‍♀️,🧎🏻‍♀️,🧎🏼‍♀️,🧎🏽‍♀️,🧎🏻‍♀️,🧎🏼‍♀️,🧎🏽‍♀️,🧎🏾‍♀️,🧎🏻‍♀️,🧎🏼‍♀️,🧎🏽‍♀️,🧎🏾‍♀️,🧎🏿‍♀️
🧑‍🦯,person with white cane,🧑🏻‍🦯,🧑🏻‍🦯,🧑🏼‍🦯,🧑🏻‍🦯,🧑🏼‍🦯,🧑🏽‍🦯,🧑🏻‍🦯,🧑🏼‍🦯,🧑🏽‍🦯,🧑🏾‍🦯,🧑🏻‍🦯,🧑🏼‍🦯,🧑🏽‍🦯,🧑🏾‍🦯,🧑🏿‍🦯
👨‍🦯,man with white cane,👨🏻‍🦯,👨🏻‍🦯,👨🏼‍🦯,👨🏻‍🦯,👨🏼‍🦯,👨🏽‍🦯,👨🏻‍🦯,👨🏼‍🦯,👨🏽‍🦯,👨🏾‍🦯,👨🏻‍🦯,👨🏼‍🦯,👨🏽‍🦯,👨🏾‍🦯,👨🏿‍🦯
👩‍🦯,woman with white cane,👩🏻‍🦯,👩🏻‍🦯,👩🏼‍🦯,👩🏻‍🦯,👩🏼‍🦯,👩🏽‍🦯,👩🏻‍🦯,👩🏼‍🦯,👩🏽‍🦯,👩🏾‍🦯,👩🏻‍🦯,👩🏼‍🦯,👩🏽‍🦯,👩🏾‍🦯,👩🏿‍🦯
🧑‍🦼,person in motorized wheelchair,🧑🏻‍🦼,🧑🏻‍🦼,🧑🏼‍🦼,🧑🏻‍🦼,🧑🏼‍🦼,🧑🏽‍🦼,🧑🏻‍🦼,🧑🏼‍🦼,🧑🏽‍🦼,🧑🏾‍🦼,🧑🏻‍🦼,🧑🏼‍🦼,🧑🏽‍🦼,🧑🏾‍🦼,🧑🏿‍🦼
👨‍🦼,man in motorized wheelchair,👨🏻‍🦼,👨🏻‍🦼,👨🏼‍🦼,👨🏻‍🦼,👨🏼‍🦼,👨🏽‍🦼,👨🏻‍🦼,👨🏼‍🦼,👨🏽‍🦼,👨🏾‍🦼,👨🏻‍🦼,👨🏼‍🦼,👨🏽‍🦼,👨🏾‍🦼,👨🏿‍🦼
👩‍🦼,woman in motorized wheelchair,👩🏻‍🦼,👩🏻‍🦼,👩🏼‍🦼,👩🏻‍🦼,👩🏼‍🦼,👩🏽‍🦼,👩🏻‍🦼,👩🏼‍🦼,👩🏽‍🦼,👩🏾‍🦼,👩🏻‍🦼,👩🏼‍🦼,👩🏽‍🦼,👩🏾‍🦼,👩🏿‍🦼
🧑‍🦽,person in manual wheelchair,🧑🏻‍🦽,🧑🏻‍🦽,🧑🏼‍🦽,🧑🏻‍🦽,🧑🏼‍🦽,🧑🏽‍🦽,🧑🏻‍🦽,🧑🏼‍🦽,🧑🏽‍🦽,🧑🏾‍🦽,🧑🏻‍🦽,🧑🏼‍🦽,🧑🏽‍🦽,🧑🏾‍🦽,🧑🏿‍🦽
👨‍🦽,man in manual wheelchair,👨🏻‍🦽,👨🏻‍🦽,👨🏼‍🦽,👨🏻‍🦽,👨🏼‍🦽,👨🏽‍🦽,👨🏻‍🦽,👨🏼‍🦽,👨🏽‍🦽,👨🏾‍🦽,👨🏻‍🦽,👨🏼‍🦽,👨🏽‍🦽,👨🏾‍🦽,👨🏿‍🦽
👩‍🦽,woman in manual wheelchair,👩🏻‍🦽,👩🏻‍🦽,👩🏼‍🦽,👩🏻‍🦽,👩🏼‍🦽,👩🏽‍🦽,👩🏻‍🦽,👩🏼‍🦽,👩🏽‍🦽,👩🏾‍🦽,👩🏻‍🦽,👩🏼‍🦽,👩🏽‍🦽,👩🏾‍🦽,👩🏿‍🦽
🏃,person running,🏃🏻,🏃🏻,🏃🏼,🏃🏻,🏃🏼,🏃🏽,🏃🏻,🏃🏼,🏃🏽,🏃🏾,🏃🏻,🏃🏼,🏃🏽,🏃🏾,🏃🏿
🏃‍♂️,man running,🏃🏻‍♂️,🏃🏻‍♂️,🏃🏼‍♂️,🏃🏻‍♂️,🏃🏼‍♂️,🏃🏽‍♂️,🏃🏻‍♂️,🏃🏼‍♂️,🏃🏽‍♂️,🏃🏾‍♂️,🏃🏻‍♂️,🏃🏼‍♂️,🏃🏽‍♂️,🏃🏾‍♂️,🏃🏿‍♂️
🏃‍♀️,woman running,🏃🏻‍♀️,🏃🏻‍♀️,🏃🏼‍♀️,🏃🏻‍♀️,🏃🏼‍♀️,🏃🏽‍♀️,🏃🏻‍♀️,🏃🏼‍♀️,🏃🏽‍♀️,🏃🏾‍♀️,🏃🏻‍♀️,🏃🏼‍♀️,🏃🏽‍♀️,🏃🏾‍♀️,🏃🏿‍♀️
💃,woman dancing,💃🏻,💃🏻,💃🏼,💃🏻,💃🏼,💃🏽,💃🏻,💃🏼,💃🏽,💃🏾,💃🏻,💃🏼,💃🏽,💃🏾,💃🏿
🕺,man dancing,🕺🏻,🕺🏻,🕺🏼,🕺🏻,🕺🏼,🕺🏽,🕺🏻,🕺🏼,🕺🏽,🕺🏾,🕺🏻,🕺🏼,🕺🏽,🕺🏾,🕺🏿
🕴️,person in suit levitating,🕴🏻,🕴🏻,🕴🏼,🕴🏻,🕴🏼,🕴🏽,🕴🏻,🕴🏼,🕴🏽,🕴🏾,🕴🏻,🕴🏼,🕴🏽,🕴🏾,🕴🏿
👯,people with bunny ears
👯‍♂️,men with bunny ears
👯‍♀️,women with bunny ears
🧖,person in steamy room,🧖🏻,🧖🏻,🧖🏼,🧖🏻,🧖🏼,🧖🏽,🧖🏻,🧖🏼,🧖🏽,🧖🏾,🧖🏻,🧖🏼,🧖🏽,🧖🏾,🧖🏿
🧖‍♂️,man in steamy room,🧖🏻‍♂️,🧖🏻‍♂️,🧖🏼‍♂️,🧖🏻‍♂️,🧖🏼‍♂️,🧖🏽‍♂️,🧖🏻‍♂️,🧖🏼‍♂️,🧖🏽‍♂️,🧖🏾‍♂️,🧖🏻‍♂️,🧖🏼‍♂️,🧖🏽‍♂️,🧖🏾‍♂️,🧖🏿‍♂️
🧖‍♀️,woman in steamy room,🧖🏻‍♀️,🧖🏻‍♀️,🧖🏼‍♀️,🧖🏻‍♀️,🧖🏼‍♀️,🧖🏽‍♀️,🧖🏻‍♀️,🧖🏼‍♀️,🧖🏽‍♀️,🧖🏾‍♀️,🧖🏻‍♀️,🧖🏼‍♀️,🧖🏽‍♀️,🧖🏾‍♀️,🧖🏿‍♀️
🧗,person climbing,🧗🏻,🧗🏻,🧗🏼,🧗🏻,🧗🏼,🧗🏽,🧗🏻,🧗🏼,🧗🏽,🧗🏾,🧗🏻,🧗🏼,🧗🏽,🧗🏾,🧗🏿
🧗‍♂️,man climbing,🧗🏻‍♂️,🧗🏻‍♂️,🧗🏼‍♂️,🧗🏻‍♂️,🧗🏼‍♂️,🧗🏽‍♂️,🧗🏻‍♂️,🧗🏼‍♂️,🧗🏽‍♂️,🧗🏾‍♂️,🧗🏻‍♂️,🧗🏼‍♂️,🧗🏽‍♂️,🧗🏾‍♂️,🧗🏿‍♂️
🧗‍♀️,woman climbing,🧗🏻‍♀️,🧗🏻‍♀️,🧗🏼‍♀️,🧗🏻‍♀️,🧗🏼‍♀️,🧗🏽‍♀️,🧗🏻‍♀️,🧗🏼‍♀️,🧗🏽‍♀️,🧗🏾‍♀️,🧗🏻‍♀️,🧗🏼‍♀️,🧗🏽‍♀️,🧗🏾‍♀️,🧗🏿‍♀️
🤺,person fencing
🏇,horse racing,🏇🏻,🏇🏻,🏇🏼,🏇🏻,🏇🏼,🏇🏽,🏇🏻,🏇🏼,🏇🏽,🏇🏾,🏇🏻,🏇🏼,🏇🏽,🏇🏾,🏇🏿
⛷️,skier
🏂,snowboarder,🏂🏻,🏂🏻,🏂🏼,🏂🏻,🏂🏼,🏂🏽,🏂🏻,🏂🏼,🏂🏽,🏂🏾,🏂🏻,🏂🏼,🏂🏽,🏂🏾,🏂🏿
🏌️,person golfing,🏌🏻,🏌🏻,🏌🏼,🏌🏻,🏌🏼,🏌🏽,🏌🏻,🏌🏼,🏌🏽,🏌🏾,🏌🏻,🏌🏼,🏌🏽,🏌🏾,🏌🏿
🏌️‍♂️,man golfing,🏌🏻‍♂️,🏌🏻‍♂️,🏌🏼‍♂️,🏌🏻‍♂️,🏌🏼‍♂️,🏌🏽‍♂️,🏌🏻‍♂️,🏌🏼‍♂️,🏌🏽‍♂️,🏌🏾‍♂️,🏌🏻‍♂️
🏌️‍♀️,woman golfing,🏌🏻‍♀️,🏌🏻‍♀️,🏌🏼‍♀️,🏌🏻‍♀️,🏌🏼‍♀️,🏌🏽‍♀️,🏌🏻‍♀️,🏌🏼‍♀️,🏌🏽‍♀️,🏌🏾‍♀️,🏌🏻‍♀️
🏄,person surfing,🏄🏻,🏄🏻,🏄🏼,🏄🏻,🏄🏼,🏄🏽,🏄🏻,🏄🏼,🏄🏽,🏄🏾,🏄🏻,🏄🏼,🏄🏽,🏄🏾,🏄🏿
🏄‍♂️,man surfing,🏄🏻‍♂️,🏄🏻‍♂️,🏄🏼‍♂️,🏄🏻‍♂️,🏄🏼‍♂️,🏄🏽‍♂️,🏄🏻‍♂️,🏄🏼‍♂️,🏄🏽‍♂️,🏄🏾‍♂️,🏄🏻‍♂️,🏄🏼‍♂️,🏄🏽‍♂️,🏄🏾‍♂️,🏄🏿‍♂️
🏄‍♀️,woman surfing,🏄🏻‍♀️,🏄🏻‍♀️,🏄🏼‍♀️,🏄🏻‍♀️,🏄🏼‍♀️,🏄🏽‍♀️,🏄🏻‍♀️,🏄🏼‍♀️,🏄🏽‍♀️,🏄🏾‍♀️,🏄🏻‍♀️,🏄🏼‍♀️,🏄🏽‍♀️,🏄🏾‍♀️,🏄🏿‍♀️
🚣,person rowing boat,🚣🏻,🚣🏻,🚣🏼,🚣🏻,🚣🏼,🚣🏽,🚣🏻,🚣🏼,🚣🏽,🚣🏾,🚣🏻,🚣🏼,🚣🏽,🚣🏾,🚣🏿
🚣‍♂️,man rowing boat,🚣🏻‍♂️,🚣🏻‍♂️,🚣🏼‍♂️,🚣🏻‍♂️,🚣🏼‍♂️,🚣🏽‍♂️,🚣🏻‍♂️,🚣🏼‍♂️,🚣🏽‍♂️,🚣🏾‍♂️,🚣🏻‍♂️,🚣🏼‍♂️,🚣🏽‍♂️,🚣🏾‍♂️,🚣🏿‍♂️
🚣‍♀️,woman rowing boat,🚣🏻‍♀️,🚣🏻‍♀️,🚣🏼‍♀️,🚣🏻‍♀️,🚣🏼‍♀️,🚣🏽‍♀️,🚣🏻‍♀️,🚣🏼‍♀️,🚣🏽‍♀️,🚣🏾‍♀️,🚣🏻‍♀️,🚣🏼‍♀️,🚣🏽‍♀️,🚣🏾‍♀️,🚣🏿‍♀️
🏊,person swimming,🏊🏻,🏊🏻,🏊🏼,🏊🏻,🏊🏼,🏊🏽,🏊🏻,🏊🏼,🏊🏽,🏊🏾,🏊🏻,🏊🏼,🏊🏽,🏊🏾,🏊🏿
🏊‍♂️,man swimming,🏊🏻‍♂️,🏊🏻‍♂️,🏊🏼‍♂️,🏊🏻‍♂️,🏊🏼‍♂️,🏊🏽‍♂️,🏊🏻‍♂️,🏊🏼‍♂️,🏊🏽‍♂️,🏊🏾‍♂️,🏊🏻‍♂️,🏊🏼‍♂️,🏊🏽‍♂️,🏊🏾‍♂️,🏊🏿‍♂️
🏊‍♀️,woman swimming,🏊🏻‍♀️,🏊🏻‍♀️,🏊🏼‍♀️,🏊🏻‍♀️,🏊🏼‍♀️,🏊🏽‍♀️,🏊🏻‍♀️,🏊🏼‍♀️,🏊🏽‍♀️,🏊🏾‍♀️,🏊🏻‍♀️,🏊🏼‍♀️,🏊🏽‍♀️,🏊🏾‍♀️,🏊🏿‍♀️
⛹️,person bouncing ball,⛹🏻,⛹🏻,⛹🏼,⛹🏻,⛹🏼,⛹🏽,⛹🏻,⛹🏼,⛹🏽
⛹️‍♂️,man bouncing ball,⛹🏻‍♂️,⛹🏻‍♂️,⛹🏼‍♂️,⛹🏻‍♂️,⛹🏼‍♂️,⛹🏽‍♂️,⛹🏻‍♂️
⛹️‍♀️,woman bouncing ball,⛹🏻‍♀️,⛹🏻‍♀️,⛹🏼‍♀️,⛹🏻‍♀️,⛹🏼‍♀️,⛹🏽‍♀️,⛹🏻‍♀️
🏋️,person lifting weights,🏋🏻,🏋🏻,🏋🏼,🏋🏻,🏋🏼,🏋🏽,🏋🏻,🏋🏼,🏋🏽,🏋🏾
🏋️‍♂️,man lifting weights,🏋🏻‍♂️,🏋🏻‍♂️,🏋🏼‍♂️,🏋🏻‍♂️,🏋🏼‍♂️,🏋🏽‍♂️,🏋🏻‍♂️,🏋🏼‍♂️
🏋️‍♀️,woman lifting weights,🏋🏻‍♀️,🏋🏻‍♀️,🏋🏼‍♀️,🏋🏻‍♀️,🏋🏼‍♀️,🏋🏽‍♀️,🏋🏻‍♀️,🏋🏼‍♀️
🚴,person biking,🚴🏻,🚴🏻,🚴🏼,🚴🏻,🚴🏼,🚴🏽,🚴🏻,🚴🏼,🚴🏽,🚴🏾,🚴🏻,🚴🏼,🚴🏽,🚴🏾,🚴🏿
🚴‍♂️,man biking,🚴🏻‍♂️,🚴🏻‍♂️,🚴🏼‍♂️,🚴🏻‍♂️,🚴🏼‍♂️,🚴🏽‍♂️,🚴🏻‍♂️,🚴🏼‍♂️,🚴🏽‍♂️,🚴🏾‍♂️,🚴🏻‍♂️,🚴🏼‍♂️,🚴🏽‍♂️,🚴🏾‍♂️,🚴🏿‍♂️
🚴‍♀️,woman biking,🚴🏻‍♀️,🚴🏻‍♀️,🚴🏼‍♀️,🚴🏻‍♀️,🚴🏼‍♀️,🚴🏽‍♀️,🚴🏻‍♀️,🚴🏼‍♀️,🚴🏽‍♀️,🚴🏾‍♀️,🚴🏻‍♀️,🚴🏼‍♀️,🚴🏽‍♀️,🚴🏾‍♀️,🚴🏿‍♀️
🚵,person mountain biking,🚵🏻,🚵🏻,🚵🏼,🚵🏻,🚵🏼,🚵🏽,🚵🏻,🚵🏼,🚵🏽,🚵🏾,🚵🏻,🚵🏼,🚵🏽,🚵🏾,🚵🏿
🚵‍♂️,man mountain biking,🚵🏻‍♂️,🚵🏻‍♂️,🚵🏼‍♂️,🚵🏻‍♂️,🚵🏼‍♂️,🚵🏽‍♂️,🚵🏻‍♂️,🚵🏼‍♂️,🚵🏽‍♂️,🚵🏾‍♂️,🚵🏻‍♂️,🚵🏼‍♂️,🚵🏽‍♂️,🚵🏾‍♂️,🚵🏿‍♂️
🚵‍♀️,woman mountain biking,🚵🏻‍♀️,🚵🏻‍♀️,🚵🏼‍♀️,🚵🏻‍♀️,🚵🏼‍♀️,🚵🏽‍♀️,🚵🏻‍♀️,🚵🏼‍♀️,🚵🏽‍♀️,🚵🏾‍♀️,🚵🏻‍♀️,🚵🏼‍♀️,🚵🏽‍♀️,🚵🏾‍♀️,🚵🏿‍♀️
🤸,person cartwheeling,🤸🏻,🤸🏻,🤸🏼,🤸🏻,🤸🏼,🤸🏽,🤸🏻,🤸🏼,🤸🏽,🤸🏾,🤸🏻,🤸🏼,🤸🏽,🤸🏾,🤸🏿
🤸‍♂️,man cartwheeling,🤸🏻‍♂️,🤸🏻‍♂️,🤸🏼‍♂️,🤸🏻‍♂️,🤸🏼‍♂️,🤸🏽‍♂️,🤸🏻‍♂️,🤸🏼‍♂️,🤸🏽‍♂️,🤸🏾‍♂️,🤸🏻‍♂️,🤸🏼‍♂️,🤸🏽‍♂️,🤸🏾‍♂️,🤸🏿‍♂️
🤸‍♀️,woman cartwheeling,🤸🏻‍♀️,🤸🏻‍♀️,🤸🏼‍♀️,🤸🏻‍♀️,🤸🏼‍♀️,🤸🏽‍♀️,🤸🏻‍♀️,🤸🏼‍♀️,🤸🏽‍♀️,🤸🏾‍♀️,🤸🏻‍♀️,🤸🏼‍♀️,🤸🏽‍♀️,🤸🏾‍♀️,🤸🏿‍♀️
🤼,people wrestling
🤼‍♂️,men wrestling
🤼‍♀️,women wrestling
🤽,person playing water polo,🤽🏻,🤽🏻,🤽🏼,🤽🏻,🤽🏼,🤽🏽,🤽🏻,🤽🏼,🤽🏽,🤽🏾,🤽🏻,🤽🏼,🤽🏽,🤽🏾,🤽🏿
🤽‍♂️,man playing water polo,🤽🏻‍♂️,🤽🏻‍♂️,🤽🏼‍♂️,🤽🏻‍♂️,🤽🏼‍♂️,🤽🏽‍♂️,🤽🏻‍♂️,🤽🏼‍♂️,🤽🏽‍♂️,🤽🏾‍♂️,🤽🏻‍♂️,🤽🏼‍♂️,🤽🏽‍♂️,🤽🏾‍♂️,🤽🏿‍♂️
🤽‍♀️,woman playing water polo,🤽🏻‍♀️,🤽🏻‍♀️,🤽🏼‍♀️,🤽🏻‍♀️,🤽🏼‍♀️,🤽🏽‍♀️,🤽🏻‍♀️,🤽🏼‍♀️,🤽🏽‍♀️,🤽🏾‍♀️,🤽🏻‍♀️,🤽🏼‍♀️,🤽🏽‍♀️,🤽🏾‍♀️,🤽🏿‍♀️
🤾,person playing handball,🤾🏻,🤾🏻,🤾🏼,🤾🏻,🤾🏼,🤾🏽,🤾🏻,🤾🏼,🤾🏽,🤾🏾,🤾🏻,🤾🏼,🤾🏽,🤾🏾,🤾🏿
🤾‍♂️,man playing handball,🤾🏻‍♂️,🤾🏻‍♂️,🤾🏼‍♂️,🤾🏻‍♂️,🤾🏼‍♂️,🤾🏽‍♂️,🤾🏻‍♂️,🤾🏼‍♂️,🤾🏽‍♂️,🤾🏾‍♂️,🤾🏻‍♂️,🤾🏼‍♂️,🤾🏽‍♂️,🤾🏾‍♂️,🤾🏿‍♂️
🤾‍♀️,woman playing handball,🤾🏻‍♀️,🤾🏻‍♀️,🤾🏼‍♀️,🤾🏻‍♀️,🤾🏼‍♀️,🤾🏽‍♀️,🤾🏻‍♀️,🤾🏼‍♀️,🤾🏽‍♀️,🤾🏾‍♀️,🤾🏻‍♀️,🤾🏼‍♀️,🤾🏽‍♀️,🤾🏾‍♀️,🤾🏿‍♀️
🤹,person juggling,🤹🏻,🤹🏻,🤹🏼,🤹🏻,🤹🏼,🤹🏽,🤹🏻,🤹🏼,🤹🏽,🤹🏾,🤹🏻,🤹🏼,🤹🏽,🤹🏾,🤹🏿
🤹‍♂️,man juggling,🤹🏻‍♂️,🤹🏻‍♂️,🤹🏼‍♂️,🤹🏻‍♂️,🤹🏼‍♂️,🤹🏽‍♂️,🤹🏻‍♂️,🤹🏼‍♂️,🤹🏽‍♂️,🤹🏾‍♂️,🤹🏻‍♂️,🤹🏼‍♂️,🤹🏽‍♂️,🤹🏾‍♂️,🤹🏿‍♂️
🤹‍♀️,woman juggling,🤹🏻‍♀️,🤹🏻‍♀️,🤹🏼‍♀️,🤹🏻‍♀️,🤹🏼‍♀️,🤹🏽‍♀️,🤹🏻‍♀️,🤹🏼‍♀️,🤹🏽‍♀️,🤹🏾‍♀️,🤹🏻‍♀️,🤹🏼‍♀️,🤹🏽‍♀️,🤹🏾‍♀️,🤹🏿‍♀️
🧘,person in lotus position,🧘🏻,🧘🏻,🧘🏼,🧘🏻,🧘🏼,🧘🏽,🧘🏻,🧘🏼,🧘🏽,🧘🏾,🧘🏻,🧘🏼,🧘🏽,🧘🏾,🧘🏿
🧘‍♂️,man in lotus position,🧘🏻‍♂️,🧘🏻‍♂️,🧘🏼‍♂️,🧘🏻‍♂️,🧘🏼‍♂️,🧘🏽‍♂️,🧘🏻‍♂️,🧘🏼‍♂️,🧘🏽‍♂️,🧘🏾‍♂️,🧘🏻‍♂️,🧘🏼‍♂️,🧘🏽‍♂️,🧘🏾‍♂️,🧘🏿‍♂️
🧘‍♀️,woman in lotus position,🧘🏻‍♀️,🧘🏻‍♀️,🧘🏼‍♀️,🧘🏻‍♀️,🧘🏼‍♀️,🧘🏽‍♀️,🧘🏻‍♀️,🧘🏼‍♀️,🧘🏽‍♀️,🧘🏾‍♀️,🧘🏻‍♀️,🧘🏼‍♀️,🧘🏽‍♀️,🧘🏾‍♀️,🧘🏿‍♀️
🛀,person taking bath,🛀🏻,🛀🏻,🛀🏼,🛀🏻,🛀🏼,🛀🏽,🛀🏻,🛀🏼,🛀🏽,🛀🏾,🛀🏻,🛀🏼,🛀🏽,🛀🏾,🛀🏿
🛌,person in bed,🛌🏻,🛌🏻,🛌🏼,🛌🏻,🛌🏼,🛌🏽,🛌🏻,🛌🏼,🛌🏽,🛌🏾,🛌🏻,🛌🏼,🛌🏽,🛌🏾,🛌🏿
🧑‍🤝‍🧑,people holding hands,🧑🏻‍🤝‍🧑🏻,🧑🏻‍🤝‍🧑🏻,🧑🏻‍🤝‍🧑🏼,🧑🏻‍🤝‍🧑🏻,🧑🏻‍🤝‍🧑🏼,🧑🏻‍🤝‍🧑🏽,🧑🏻‍🤝‍🧑🏻,🧑🏻‍🤝‍🧑🏼,🧑🏻‍🤝‍🧑🏽,🧑🏻‍🤝‍🧑🏾,🧑🏻‍🤝‍🧑🏻,🧑🏻‍🤝‍🧑🏼,🧑🏻‍🤝‍🧑🏽,🧑🏻‍🤝‍🧑🏾,🧑🏻‍🤝‍🧑🏿,🧑🏻‍🤝‍🧑🏻,🧑🏻‍🤝‍🧑🏼,🧑🏻‍🤝‍🧑🏽,🧑🏻‍🤝‍🧑🏾
👭,women holding hands,👭🏻,👭🏻,👩🏻‍🤝‍👩🏼,👭🏻,👩🏻‍🤝‍👩🏼,👩🏻‍🤝‍👩🏽,👭🏻,👩🏻‍🤝‍👩🏼,👩🏻‍🤝‍👩🏽,👩🏻‍🤝‍👩🏾,👭🏻,👩🏻‍🤝‍👩🏼,👩🏻‍🤝‍👩🏽,👩🏻‍🤝‍👩🏾,👩🏻‍🤝‍👩🏿,👭🏻,👩🏻‍🤝‍👩🏼,👩🏻‍🤝‍👩🏽,👩🏻‍🤝‍👩🏾‍
👫,woman and man holding hands,👫🏻,👫🏻,👩🏻‍🤝‍👨🏼,👫🏻,👩🏻‍🤝‍👨🏼,👩🏻‍🤝‍👨🏽,👫🏻,👩🏻‍🤝‍👨🏼,👩🏻‍🤝‍👨🏽,👩🏻‍🤝‍👨🏾,👫🏻,👩🏻‍🤝‍👨🏼,👩🏻‍🤝‍👨🏽,👩🏻‍🤝‍👨🏾,👩🏻‍🤝‍👨🏿,👫🏻,👩🏻‍🤝‍👨🏼
👬,men holding hands,👬🏻,👬🏻,👨🏻‍🤝‍👨🏼,👬🏻,👨🏻‍🤝‍👨🏼,👨🏻‍🤝‍👨🏽,👬🏻,👨🏻‍🤝‍👨🏼,👨🏻‍🤝‍👨🏽,👨🏻‍🤝‍👨🏾,👬🏻,👨🏻‍🤝‍👨🏼,👨🏻‍🤝‍👨🏽,👨🏻‍🤝‍👨🏾,👨🏻‍🤝‍👨🏿,👬🏻,👨🏻‍🤝‍👨🏼,👨🏻‍🤝‍👨🏽,👨🏻‍🤝‍👨🏾,👨🏻‍🤝‍👨🏿,👨🏼‍🤝‍👨🏻,👬🏻
💏,kiss,💏🏻,💏🏻,💏🏼,💏🏻,💏🏼,💏🏽,💏🏻,💏🏼,💏🏽,💏🏾,💏🏻,💏🏼,💏🏽,💏🏾,💏🏿,💏🏻,💏🏼,💏🏽,💏🏾,💏🏿,🧑🏻‍❤️‍💋‍🧑🏼,💏🏻,💏🏼,💏🏽,💏🏾,💏🏿
💑,couple with heart,💑🏻,💑🏻,💑🏼,💑🏻,💑🏼,💑🏽,💑🏻,💑🏼,💑🏽,💑🏾,💑🏻,💑🏼,💑🏽,💑🏾,💑🏿,💑🏻,💑🏼,💑🏽,💑🏾,💑🏿,🧑🏻‍❤️‍🧑🏼,💑🏻,💑🏼
👪,family,👨‍👩‍👦,👨‍👩‍👦,👨‍👩‍👧,👨‍👩‍👦,👨‍👩‍👧,👨‍👩‍👧‍👦,👨‍👩‍👦,👨‍👩‍👧,👨‍👩‍👧‍👦,👨‍👩‍👦‍👦,👨‍👩‍👦,👨‍👩‍👧,👨‍👩‍👧‍👦,👨‍👩‍👦‍👦,👨‍👩‍👧‍👧,👨‍👩‍👦,👨‍👩‍👧,👨‍👩‍👧‍👦,👨‍👩‍👦‍👦,👨‍👩‍👧‍👧,👨‍👨‍👦,👨‍👩‍👦,👨‍👩‍👧,👨‍👩‍👧‍👦,👨‍👩‍👦‍👦,👨‍👩‍👧‍👧,👨‍👨‍👦,👨‍👨‍👧,👨‍👩‍👦
🗣️,speaking head
👤,bust in silhouette
👥,busts in silhouette
🫂,people hugging
👣,footprints
